StudyHours,Attendance,PastScore,Internet,SleepHours,Passed
8,64,86,No,6,Yes
4,42,36,Yes,6,No
7,62,54,No,9,No
7,56,79,No,7,Yes
8,82,21,Yes,8,No
9,66,71,No,3,Yes
8,99,49,Yes,6,Yes
10,43,96,Yes,7,Yes
5,42,38,Yes,9,No
7,64,92,No,4,Yes
8,64,81,Yes,8,Yes
3,87,93,Yes,6,Yes
10,100,37,Yes,6,Yes
3,81,36,No,10,No
8,45,32,No,3,No
7,97,77,No,6,Yes
5,99,76,Yes,8,Yes
7,59,77,Yes,8,Yes
3,63,31,No,3,No
7,42,20,No,10,No
1,66,59,Yes,10,No
1,68,53,Yes,9,No
3,64,62,No,4,No
8,100,70,No,3,Yes
2,49,33,Yes,7,No
4,81,58,No,6,No
4,60,66,Yes,5,No
2,48,33,No,7,No
3,40,93,Yes,6,No
1,60,44,Yes,9,No
8,41,28,No,5,No
6,93,90,No,4,Yes
6,45,77,No,9,Yes
10,49,87,Yes,5,Yes
5,54,34,No,10,No
4,85,23,Yes,9,No
7,54,60,Yes,10,Yes
10,64,67,Yes,10,Yes
2,85,22,Yes,4,No
8,82,89,Yes,8,Yes
5,42,69,Yes,8,No
9,54,47,Yes,3,No
6,71,74,No,4,No
4,47,89,Yes,4,No
2,95,92,Yes,4,No
10,57,72,Yes,4,Yes
2,100,46,Yes,3,No
6,48,63,Yes,9,No
7,55,21,No,10,No
3,85,57,No,9,No
3,48,75,Yes,5,No
3,71,76,No,3,No
2,86,59,Yes,10,No
8,87,65,Yes,9,Yes
2,45,80,Yes,4,No
10,62,50,Yes,10,Yes
10,81,67,Yes,6,Yes
3,63,74,No,5,No
4,67,88,No,5,No
8,68,89,No,5,Yes
2,95,56,No,8,No
1,49,73,Yes,4,No
5,99,34,No,6,No
9,84,64,Yes,9,Yes
9,41,65,No,7,No
6,69,96,Yes,6,Yes
8,91,39,No,8,Yes
2,55,34,Yes,6,No
4,60,72,No,4,No
3,68,33,Yes,10,No
4,51,51,Yes,8,No
10,70,41,Yes,6,No
2,86,74,Yes,5,No
8,97,62,No,10,Yes
4,42,49,Yes,4,No
6,100,33,No,3,No
7,87,57,No,9,Yes
2,89,57,Yes,7,No
3,52,83,Yes,7,No
6,55,28,No,3,No
4,62,59,Yes,6,No
5,69,42,No,5,No
8,47,64,No,10,Yes
9,68,47,Yes,3,No
9,54,99,No,3,Yes
3,65,89,No,4,No
5,46,20,No,6,No
10,59,34,No,7,No
7,61,71,No,8,Yes
7,83,93,Yes,5,Yes
8,60,68,Yes,6,Yes
2,84,30,No,3,No
8,40,79,No,7,Yes
3,91,29,No,8,No
2,68,59,Yes,5,No
5,44,27,No,10,No
10,63,52,No,8,Yes
6,42,100,Yes,6,Yes
8,56,99,Yes,7,Yes
10,69,64,No,8,Yes
9,53,80,No,7,Yes
7,47,28,Yes,7,No
8,89,43,Yes,4,No
4,89,42,No,10,No
4,77,59,No,10,No
6,89,55,No,4,No
1,79,99,No,6,No
10,63,41,No,5,No
9,94,89,No,9,Yes
5,64,24,Yes,3,No
7,98,28,Yes,7,No
5,59,70,Yes,9,No
1,57,96,Yes,5,No
1,99,59,No,5,No
10,51,52,Yes,8,Yes
1,45,29,No,4,No
4,50,69,Yes,9,No
10,43,63,No,3,No
5,41,86,No,10,Yes
5,66,78,Yes,3,No
10,68,53,Yes,5,Yes
1,47,46,No,9,No
3,98,40,No,8,No
3,79,83,No,9,Yes
7,73,49,No,8,No
10,79,39,No,7,Yes
4,77,85,Yes,5,No
8,74,37,No,4,No
2,83,61,No,7,No
3,94,77,No,9,Yes
1,41,52,No,7,No
6,80,40,Yes,5,No
4,41,63,Yes,5,No
1,68,24,Yes,4,No
2,99,48,No,4,No
10,80,98,Yes,9,Yes
4,46,20,No,6,No
10,80,28,No,10,Yes
5,52,41,No,8,No
9,47,50,No,8,No
8,47,38,Yes,10,No
5,47,43,No,4,No
10,71,78,No,9,Yes
2,50,86,Yes,9,No
5,99,60,Yes,5,No
1,80,64,Yes,7,No
3,42,83,No,3,No
1,79,55,Yes,9,No
3,62,55,Yes,8,No
4,57,33,Yes,4,No
8,82,94,Yes,6,Yes
5,64,94,Yes,3,No
3,75,71,No,10,No
6,47,92,No,3,No
3,68,47,Yes,7,No
9,89,25,No,5,No
3,80,22,No,3,No
4,89,54,Yes,3,No
5,74,70,Yes,8,Yes
9,47,30,No,3,No
6,58,20,No,10,No
9,43,45,No,8,No
2,84,57,Yes,4,No
2,98,55,No,8,No
4,76,61,No,10,No
9,88,87,No,5,Yes
7,77,68,Yes,8,Yes
3,76,28,No,8,No
4,51,25,Yes,5,No
5,85,59,Yes,3,No
2,59,100,Yes,9,Yes
2,84,63,No,4,No
10,95,96,Yes,5,Yes
6,78,69,Yes,4,No
1,73,96,No,9,Yes
5,83,75,No,6,Yes
7,92,99,No,9,Yes
9,68,35,No,4,No
3,98,67,No,6,No
9,55,20,No,5,No
3,85,51,No,3,No
4,60,88,No,7,No
3,62,41,No,5,No
4,84,47,No,5,No
8,87,60,Yes,9,Yes
5,50,44,No,6,No
3,74,95,Yes,7,Yes
5,51,33,No,6,No
7,44,60,Yes,4,No
10,96,47,No,6,Yes
9,44,30,No,8,No
8,42,43,No,8,No
8,40,75,No,8,Yes
5,61,100,Yes,10,Yes
5,78,78,Yes,9,Yes
6,89,54,Yes,5,No
6,41,58,No,6,No
8,60,65,No,10,Yes
10,62,83,No,9,Yes
2,72,41,Yes,8,No
8,78,51,No,6,No
10,50,24,Yes,7,No
9,62,84,No,9,Yes
8,69,92,No,4,Yes
5,55,70,Yes,8,No
1,81,21,Yes,6,No
3,99,82,Yes,4,No
6,75,33,Yes,4,No
3,86,96,Yes,5,Yes
8,88,41,Yes,10,Yes
2,63,53,No,8,No
4,62,67,Yes,7,No
10,45,98,No,10,Yes
3,51,50,Yes,7,No
10,90,60,No,7,Yes
4,99,44,No,9,No
10,44,81,Yes,7,Yes
9,53,97,No,7,Yes
7,78,78,Yes,7,Yes
1,73,81,Yes,7,No
6,89,31,No,4,No
5,40,85,Yes,4,No
5,42,40,Yes,5,No
5,65,81,No,9,Yes
6,83,100,Yes,9,Yes
1,42,65,Yes,3,No
7,59,63,No,5,No
5,94,53,Yes,9,Yes
10,82,26,No,5,No
6,96,69,No,3,Yes
4,59,39,No,6,No
6,47,76,Yes,10,Yes
8,80,83,No,10,Yes
8,98,22,Yes,4,No
5,86,47,No,7,No
6,72,74,Yes,9,Yes
3,81,76,Yes,4,No
9,48,27,No,9,No
2,88,71,No,6,No
4,91,66,Yes,8,Yes
4,87,65,Yes,8,Yes
5,66,91,Yes,4,No
4,42,100,No,9,Yes
7,82,23,No,3,No
9,85,55,Yes,6,Yes
3,94,33,Yes,4,No
10,64,44,Yes,7,Yes
8,40,81,Yes,4,No
5,83,48,Yes,9,No
3,89,39,Yes,9,No
8,51,45,Yes,6,No
5,69,50,No,10,No
6,65,84,No,8,Yes
7,55,68,Yes,4,No
5,56,100,Yes,6,Yes
9,68,34,Yes,3,No
10,78,98,No,6,Yes
9,68,85,Yes,6,Yes
4,76,80,Yes,6,No
4,90,68,Yes,4,No
6,80,32,No,8,No
5,80,59,Yes,9,Yes
2,95,87,No,4,No
9,68,60,No,10,Yes
5,77,61,No,8,No
10,47,47,Yes,5,No
3,100,39,Yes,5,No
4,86,21,No,4,No
3,53,34,No,3,No
1,58,70,No,3,No
2,78,40,No,10,No
3,76,31,No,5,No
4,76,64,No,8,No
6,67,57,Yes,5,No
3,58,40,No,3,No
2,62,80,No,7,No
1,41,37,Yes,10,No
10,97,27,No,3,No
10,78,95,Yes,5,Yes
9,82,40,Yes,6,No
6,74,31,No,6,No
7,56,28,No,5,No
8,65,60,Yes,8,Yes
1,40,74,Yes,7,No
6,55,50,No,7,No
6,79,37,Yes,3,No
10,67,34,Yes,9,Yes
5,50,28,Yes,6,No
2,87,32,Yes,4,No
9,50,91,Yes,8,Yes
9,62,74,No,10,Yes
4,88,100,No,9,Yes
1,86,75,Yes,9,No
6,54,56,No,3,No
6,97,45,No,8,Yes
4,47,59,No,10,No
5,77,47,Yes,5,No
10,82,100,Yes,4,Yes
6,74,45,No,4,No
5,50,73,Yes,10,No
6,78,29,Yes,10,No
6,40,42,Yes,6,No
8,54,51,Yes,5,No
8,84,83,Yes,4,Yes
3,44,37,Yes,3,No
8,78,30,Yes,8,No
3,81,65,Yes,7,No
2,59,27,Yes,8,No
2,97,99,Yes,7,Yes
3,91,53,No,8,No
5,42,59,Yes,8,No
8,84,26,No,7,No
10,51,79,No,4,Yes
9,81,35,Yes,3,No
5,80,71,Yes,8,Yes
7,99,89,No,3,Yes
8,81,64,No,6,Yes
9,51,92,Yes,4,Yes
9,73,35,Yes,10,Yes
6,79,74,Yes,3,No
9,41,90,No,6,Yes
6,47,97,Yes,8,Yes
3,51,71,Yes,8,No
4,100,22,Yes,8,No
10,96,28,Yes,5,Yes
8,50,70,No,8,Yes
10,77,32,Yes,6,No
4,79,50,Yes,6,No
1,83,89,Yes,4,No
10,67,73,Yes,3,Yes
4,80,44,No,5,No
8,68,45,No,6,No
6,49,72,Yes,9,No
9,58,77,Yes,3,Yes
10,59,59,No,8,Yes
9,54,59,No,9,Yes
4,77,50,No,10,No
5,50,35,No,7,No
6,63,90,No,10,Yes
2,92,82,Yes,8,Yes
6,56,23,Yes,10,No
3,100,64,No,8,Yes
9,64,32,Yes,9,No
10,81,54,No,7,Yes
1,46,33,Yes,5,No
5,66,91,No,10,Yes
10,75,100,Yes,9,Yes
1,84,68,Yes,3,No
4,49,56,No,6,No
8,48,29,Yes,6,No
2,65,81,No,5,No
9,87,41,Yes,5,No
4,82,80,Yes,7,Yes
6,69,77,Yes,3,No
1,80,88,No,7,No
3,85,57,No,8,No
10,71,80,No,5,Yes
3,82,75,No,9,Yes
4,48,34,Yes,5,No
8,98,32,Yes,8,Yes
9,87,85,Yes,8,Yes
7,89,93,Yes,7,Yes
8,100,80,No,10,Yes
2,81,42,No,3,No
9,42,94,Yes,4,Yes
5,75,86,Yes,9,Yes
4,60,87,Yes,6,No
7,75,43,Yes,5,No
8,66,87,No,3,Yes
8,85,44,No,9,Yes
3,69,78,No,6,No
6,44,88,No,3,No
8,62,33,No,6,No
10,69,24,No,7,No
5,84,23,No,4,No
10,41,52,Yes,9,Yes
8,75,99,Yes,5,Yes
1,70,51,No,4,No
7,40,53,No,7,No
8,59,96,Yes,9,Yes
1,74,63,Yes,10,No
9,89,91,No,6,Yes
7,42,51,No,3,No
5,87,78,No,8,Yes
5,53,49,No,8,No
2,73,72,Yes,10,No
10,88,97,No,3,Yes
5,53,64,Yes,7,No
6,86,65,Yes,3,No
1,45,52,Yes,5,No
1,67,26,Yes,9,No
3,66,40,Yes,3,No
5,97,37,Yes,10,No
6,80,77,No,9,Yes
2,59,38,Yes,5,No
9,74,22,Yes,6,No
3,93,49,No,5,No
6,99,63,No,7,Yes
2,62,69,Yes,5,No
8,42,35,No,3,No
1,82,76,Yes,9,No
3,69,39,No,9,No
2,41,93,No,9,No
9,79,25,Yes,10,Yes
5,85,29,Yes,6,No
5,88,77,Yes,10,Yes
9,66,82,No,8,Yes
4,52,37,Yes,8,No
5,68,25,Yes,10,No
4,67,27,Yes,7,No
7,82,59,Yes,6,Yes
9,42,73,No,3,No
3,54,42,Yes,5,No
3,87,86,No,10,Yes
3,86,66,Yes,8,No
7,81,72,No,10,Yes
6,66,60,Yes,8,No
10,65,36,No,6,No
2,96,53,No,4,No
4,40,38,No,9,No
9,65,74,Yes,7,Yes
4,98,56,No,7,No
9,67,74,No,4,Yes
1,59,95,No,5,No
7,91,79,Yes,9,Yes
6,100,57,No,10,Yes
6,51,32,Yes,10,No
7,95,97,No,7,Yes
9,55,45,No,6,No
8,46,50,No,5,No
1,72,84,Yes,5,No
6,86,41,Yes,6,No
3,93,97,Yes,7,Yes
5,67,100,No,6,Yes
9,68,98,Yes,7,Yes
2,75,24,Yes,4,No
3,48,85,Yes,3,No
8,74,59,No,10,Yes
10,100,70,No,9,Yes
3,92,36,No,10,No
10,72,30,No,9,Yes
7,94,50,No,8,Yes
9,52,37,Yes,3,No
5,73,95,No,3,Yes
5,98,53,Yes,4,No
4,89,66,No,3,No
5,52,31,No,5,No
4,70,81,Yes,5,No
8,61,22,No,9,No
4,45,31,No,4,No
6,94,34,No,10,No
9,100,53,Yes,7,Yes
5,68,85,Yes,4,No
4,56,35,No,9,No
6,58,96,Yes,7,Yes
4,49,95,Yes,5,No
4,98,42,Yes,7,No
5,41,33,No,9,No
5,66,94,No,9,Yes
3,41,40,Yes,10,No
5,68,30,No,4,No
5,80,53,Yes,7,No
7,43,86,Yes,3,No
7,48,52,Yes,6,No
2,98,33,Yes,4,No
4,63,67,Yes,9,No
4,82,72,No,3,No
3,67,46,No,8,No
9,48,82,No,8,Yes
5,47,73,Yes,8,No
3,75,35,No,3,No
1,57,34,Yes,5,No
1,89,30,No,7,No
7,44,20,Yes,9,No
6,49,36,No,5,No
6,71,21,No,4,No
7,83,98,Yes,7,Yes
5,80,78,Yes,3,No
4,53,74,No,3,No
6,77,55,No,3,No
2,91,70,No,3,No
5,74,58,No,9,No
6,92,28,Yes,7,No
7,57,26,No,6,No
1,99,97,Yes,7,Yes
1,61,67,No,7,No
5,68,88,No,8,Yes
10,68,77,Yes,6,Yes
9,70,97,Yes,3,Yes
6,97,98,Yes,6,Yes
2,78,75,No,7,No
2,80,96,No,7,Yes
7,43,49,No,3,No
3,68,75,No,7,No
9,53,61,Yes,3,No
1,99,60,No,5,No
6,70,61,Yes,10,Yes
2,88,66,No,10,No
2,84,31,Yes,10,No
1,62,35,Yes,9,No
10,57,43,Yes,10,Yes
3,95,24,No,7,No
1,48,38,Yes,4,No
2,49,37,No,4,No
5,43,29,No,9,No
8,40,52,Yes,6,No
2,41,36,Yes,4,No
1,62,64,Yes,9,No
7,99,77,Yes,7,Yes
2,46,41,No,9,No
7,73,32,Yes,8,No
1,91,77,Yes,10,Yes
9,62,94,Yes,9,Yes
5,43,55,Yes,6,No
1,74,82,No,9,No
5,97,69,No,4,No
5,46,27,Yes,10,No
5,89,69,No,7,Yes
2,48,86,No,4,No
1,58,55,No,5,No
5,65,26,Yes,5,No
2,47,95,No,10,No
5,57,37,No,5,No
4,69,40,Yes,5,No
7,99,49,Yes,5,Yes
1,96,35,Yes,8,No
3,68,46,No,7,No
5,71,32,No,5,No
9,41,96,Yes,8,Yes
1,53,90,No,7,No
3,42,64,No,10,No
10,67,52,No,4,No
4,46,40,Yes,9,No
1,100,21,Yes,6,No
8,99,62,Yes,9,Yes
5,45,89,Yes,4,No
7,81,31,Yes,3,No
5,41,60,No,9,No
3,45,50,No,10,No
6,77,87,Yes,3,Yes
10,56,65,Yes,10,Yes
8,88,31,No,10,Yes
9,56,77,No,7,Yes
8,40,75,No,3,No
4,98,87,No,4,Yes
7,62,61,No,4,No
9,82,97,No,4,Yes
8,61,42,No,5,No
8,59,27,No,4,No
5,47,77,Yes,9,No
9,68,67,Yes,6,Yes
4,58,32,No,6,No
1,50,85,No,7,No
2,40,31,No,9,No
2,72,41,No,8,No
5,44,74,Yes,6,No
10,44,72,Yes,9,Yes
3,71,57,Yes,8,No
9,79,90,No,7,Yes
6,65,46,No,5,No
2,61,71,No,6,No
3,50,81,No,9,No
7,58,91,Yes,8,Yes
5,65,25,Yes,6,No
1,75,44,No,5,No
1,79,53,No,8,No
4,71,90,Yes,10,Yes
2,44,43,Yes,7,No
8,66,52,No,5,No
9,75,77,Yes,8,Yes
9,69,79,Yes,6,Yes
2,69,34,No,5,No
1,53,100,No,8,No
2,99,100,Yes,9,Yes
9,55,20,No,4,No
2,97,68,Yes,7,No
8,40,58,Yes,8,No
6,97,27,Yes,7,No
3,48,45,Yes,5,No
3,88,87,No,4,No
10,56,57,No,6,Yes
6,76,66,Yes,3,No
3,53,20,Yes,7,No
8,48,41,Yes,8,No
4,49,32,Yes,9,No
4,52,20,No,8,No
1,51,57,No,8,No
5,70,74,Yes,5,No
3,65,38,No,8,No
2,96,56,No,7,No
3,75,69,No,5,No
6,76,92,No,3,Yes
7,51,33,No,4,No
9,96,33,Yes,9,Yes
5,60,46,No,9,No
8,69,40,Yes,4,No
7,84,35,Yes,4,No
6,81,21,Yes,5,No
1,40,30,Yes,6,No
10,99,28,No,4,No
10,43,75,No,4,Yes
2,47,22,No,3,No
1,94,89,Yes,5,No
4,81,72,No,4,No
5,77,27,Yes,3,No
10,62,52,Yes,9,Yes
6,82,36,No,4,No
7,84,86,No,4,Yes
7,70,79,No,8,Yes
6,68,86,No,6,Yes
4,56,70,No,10,No
4,48,76,No,5,No
9,56,32,Yes,10,No
1,89,54,Yes,5,No
10,57,46,No,3,No
9,95,76,No,4,Yes
1,80,69,No,7,No
2,65,46,No,7,No
9,89,28,No,6,No
8,44,74,No,8,Yes
6,93,94,Yes,4,Yes
10,96,64,No,9,Yes
2,50,98,Yes,8,No
6,84,36,Yes,10,No
6,40,94,Yes,7,Yes
4,55,33,Yes,9,No
8,67,83,Yes,7,Yes
9,80,55,Yes,7,Yes
1,45,26,Yes,7,No
7,97,64,No,9,Yes
8,62,77,No,4,Yes
2,73,60,Yes,5,No
3,73,49,No,10,No
2,54,31,No,8,No
4,46,69,Yes,6,No
3,58,94,No,8,Yes
7,72,21,Yes,10,No
8,45,77,Yes,10,Yes
8,70,21,No,4,No
7,75,53,No,7,No
1,41,97,No,3,No
4,91,75,Yes,7,Yes
4,56,65,No,4,No
5,60,98,No,3,No
6,71,58,Yes,4,No
7,62,74,No,5,No
1,57,49,No,6,No
5,87,61,No,4,No
3,58,92,No,3,No
9,85,55,Yes,5,Yes
2,95,63,No,6,No
6,53,55,No,10,No
8,57,35,Yes,10,No
8,46,35,No,4,No
10,94,82,Yes,6,Yes
2,54,85,No,7,No
9,57,52,No,7,No
2,80,87,No,5,No
10,43,84,No,4,Yes
8,46,46,No,3,No
9,59,52,Yes,3,No
8,74,32,No,7,No
2,54,94,Yes,6,No
9,60,26,No,5,No
8,56,94,Yes,9,Yes
2,76,72,No,7,No
10,98,41,Yes,5,Yes
7,87,25,Yes,7,No
8,58,98,No,5,Yes
8,61,75,Yes,9,Yes
7,58,25,Yes,3,No
9,48,29,Yes,6,No
4,67,30,Yes,9,No
7,72,75,No,6,Yes
9,95,86,No,5,Yes
7,73,93,Yes,8,Yes
8,49,27,Yes,9,No
10,82,47,No,9,Yes
1,42,97,No,8,No
2,84,95,Yes,8,Yes
5,53,42,No,7,No
6,46,21,No,4,No
4,74,43,Yes,10,No
7,52,59,Yes,3,No
7,50,82,No,4,No
3,67,70,Yes,6,No
7,85,58,Yes,4,No
2,59,34,No,5,No
1,71,25,Yes,6,No
10,89,55,Yes,8,Yes
6,78,63,No,9,Yes
8,48,42,Yes,5,No
10,65,25,No,9,No
7,81,47,Yes,5,No
2,75,53,No,7,No
3,68,29,Yes,3,No
9,41,88,Yes,5,Yes
1,83,75,Yes,8,No
10,84,87,Yes,3,Yes
4,98,79,No,3,No
10,44,95,Yes,9,Yes
8,62,44,No,7,No
4,70,56,Yes,8,No
10,66,31,No,10,Yes
9,83,73,Yes,3,Yes
6,69,91,Yes,10,Yes
3,70,50,Yes,4,No
6,63,58,No,4,No
6,44,25,No,8,No
5,97,57,Yes,10,Yes
8,52,82,No,4,Yes
3,80,56,No,9,No
5,85,83,No,5,Yes
8,64,26,Yes,10,No
1,49,70,No,5,No
9,91,62,No,4,Yes
6,63,64,Yes,6,No
5,48,92,No,10,Yes
6,40,93,Yes,6,No
5,63,72,No,9,Yes
6,49,30,Yes,3,No
5,92,34,No,9,No
4,84,51,Yes,5,No
7,70,58,No,4,No
3,63,35,No,7,No
7,95,97,No,3,Yes
3,81,76,Yes,3,No
8,58,30,No,3,No
10,86,47,Yes,8,Yes
10,59,48,No,9,Yes
9,96,81,Yes,8,Yes
6,66,56,Yes,9,No
6,89,40,No,10,Yes
3,61,89,Yes,9,Yes
7,52,47,No,8,No
5,58,34,No,4,No
9,60,85,Yes,4,Yes
9,92,31,No,10,Yes
4,73,86,No,9,Yes
7,94,93,Yes,5,Yes
1,63,73,Yes,8,No
5,46,35,Yes,3,No
9,67,28,No,5,No
10,78,65,No,5,Yes
6,42,53,No,4,No
3,41,42,No,5,No
3,81,28,Yes,8,No
1,85,69,No,6,No
4,71,80,No,8,Yes
1,100,56,No,7,No
1,75,56,No,3,No
7,53,45,No,9,No
3,71,31,Yes,6,No
7,44,61,Yes,6,No
7,60,96,Yes,6,Yes
10,66,26,Yes,9,No
4,99,99,Yes,3,Yes
8,89,100,No,4,Yes
8,45,65,Yes,7,No
9,93,23,No,4,No
9,99,49,Yes,5,Yes
3,54,37,Yes,4,No
10,83,44,Yes,7,Yes
9,58,84,No,9,Yes
7,48,81,No,7,Yes
1,65,49,No,7,No
7,62,75,Yes,9,Yes
8,71,39,Yes,3,No
9,89,84,No,9,Yes
3,57,72,No,6,No
10,49,20,Yes,3,No
5,93,89,Yes,6,Yes
4,82,61,No,10,Yes
2,48,22,No,8,No
9,40,85,No,8,Yes
3,79,85,Yes,5,No
6,98,28,No,7,No
3,67,54,No,7,No
7,46,21,No,4,No
6,43,31,Yes,8,No
8,74,39,No,6,No
2,42,26,Yes,6,No
4,74,72,No,8,No
1,64,29,No,8,No
1,71,23,No,10,No
6,56,83,No,4,No
1,79,32,No,7,No
4,56,20,Yes,10,No
8,82,86,No,6,Yes
2,97,57,No,5,No
7,73,37,No,6,No
4,76,99,Yes,6,Yes
4,55,57,Yes,8,No
9,98,33,Yes,7,Yes
5,65,25,Yes,4,No
9,100,97,Yes,5,Yes
10,90,72,Yes,8,Yes
5,76,89,Yes,6,Yes
9,66,26,Yes,9,No
6,66,57,Yes,5,No
5,77,42,Yes,7,No
10,53,97,No,6,Yes
5,52,25,No,6,No
6,78,37,Yes,6,No
10,77,69,Yes,8,Yes
1,49,49,No,4,No
8,84,67,No,8,Yes
8,57,61,No,7,No
5,91,90,No,3,Yes
8,61,56,No,8,Yes
5,58,62,Yes,7,No
4,66,38,Yes,7,No
6,77,100,No,3,Yes
1,46,89,No,6,No
7,80,64,No,5,Yes
3,98,32,Yes,5,No
10,63,58,No,4,Yes
7,97,67,Yes,4,Yes
2,90,56,Yes,10,No
8,68,59,Yes,5,No
6,42,37,No,6,No
5,50,46,Yes,4,No
5,47,51,Yes,3,No
5,82,41,Yes,3,No
10,100,33,No,5,Yes
10,82,81,No,8,Yes
10,50,87,Yes,4,Yes
10,49,36,No,4,No
10,93,96,No,9,Yes
3,82,46,Yes,5,No
7,70,26,No,5,No
6,55,64,Yes,10,Yes
3,84,61,No,5,No
3,99,27,No,5,No
5,57,60,No,3,No
6,54,29,No,3,No
4,63,40,Yes,9,No
3,84,43,No,7,No
10,42,89,No,8,Yes
9,55,87,No,7,Yes
9,76,74,Yes,8,Yes
7,96,73,No,7,Yes
8,100,59,No,3,Yes
9,45,90,No,4,Yes
2,40,45,Yes,7,No
10,76,81,Yes,8,Yes
8,84,96,No,6,Yes
1,78,34,No,4,No
5,58,74,Yes,5,No
2,90,42,No,8,No
8,76,69,Yes,7,Yes
8,73,24,No,6,No
7,84,30,Yes,4,No
10,92,21,No,10,Yes
7,89,51,Yes,7,Yes
1,44,45,No,6,No
10,43,88,Yes,7,Yes
8,46,89,Yes,10,Yes
8,96,88,Yes,8,Yes
8,65,40,Yes,7,No
4,65,34,Yes,8,No
7,52,53,Yes,4,No
4,65,78,No,7,No
2,100,57,Yes,8,No
2,62,66,No,8,No
9,75,47,No,10,Yes
3,51,38,No,6,No
6,63,67,Yes,10,Yes
5,49,47,No,4,No
3,62,80,Yes,10,No
2,62,26,No,6,No
10,43,48,Yes,4,No
4,72,20,Yes,4,No
1,95,31,No,6,No
3,53,25,No,4,No
3,76,42,Yes,6,No
8,78,87,Yes,8,Yes
2,41,56,No,8,No
2,99,93,Yes,8,Yes
6,76,28,Yes,9,No
8,82,98,Yes,6,Yes
5,73,21,No,7,No
3,65,73,Yes,6,No
3,78,58,Yes,5,No
3,55,65,Yes,4,No
3,62,73,Yes,4,No
10,66,26,No,9,No
5,64,77,No,4,No
10,100,86,Yes,8,Yes
4,46,30,Yes,7,No
3,64,85,No,6,No
3,67,86,No,3,No
9,57,88,No,10,Yes
10,43,81,No,8,Yes
3,64,32,Yes,7,No
4,43,94,Yes,6,No
9,98,24,Yes,10,Yes
6,92,26,Yes,5,No
5,78,59,Yes,10,Yes
4,47,61,No,9,No
5,55,62,Yes,7,No
1,67,35,No,5,No
7,49,96,No,9,Yes
8,42,66,Yes,5,No
7,51,22,No,9,No
2,85,41,Yes,4,No
5,48,43,Yes,3,No
2,87,20,Yes,6,No
2,53,89,Yes,10,No
9,42,86,Yes,5,Yes
9,73,68,No,4,Yes
7,77,27,No,8,No
9,82,95,No,8,Yes
7,62,82,No,10,Yes
2,75,84,No,3,No
8,63,65,Yes,7,Yes
6,71,55,No,10,Yes
8,56,60,Yes,3,No
9,47,41,No,7,No
3,56,46,Yes,4,No
1,99,50,Yes,7,No
5,98,54,Yes,8,Yes
7,46,89,No,4,No
10,94,47,No,10,Yes
5,54,23,No,7,No
8,70,98,Yes,7,Yes
3,71,53,No,10,No
3,45,41,Yes,4,No
3,49,64,No,3,No
3,42,54,No,6,No
1,68,36,No,6,No
7,58,39,Yes,7,No
7,82,50,No,7,No
6,51,93,Yes,6,Yes
5,50,58,Yes,4,No
7,59,49,No,10,No
7,45,63,Yes,10,No
7,88,85,No,10,Yes
8,58,55,No,6,No
9,41,35,No,7,No
6,99,32,No,4,No
8,69,20,Yes,4,No
4,100,89,Yes,10,Yes
4,67,26,No,10,No
4,93,28,Yes,9,No
1,80,38,Yes,7,No
7,91,53,No,4,No
9,48,29,Yes,5,No
2,93,62,Yes,7,No
4,60,69,No,10,No
9,78,88,No,4,Yes
1,59,31,Yes,8,No
2,73,23,No,4,No
7,65,79,Yes,4,Yes
4,55,85,No,8,No
2,63,63,No,9,No
7,100,49,Yes,7,Yes
1,54,94,Yes,6,No
4,52,97,No,8,Yes
6,49,40,Yes,9,No
6,61,38,No,6,No
1,88,27,No,6,No
2,86,68,No,7,No
2,98,64,No,8,No
2,77,97,No,7,Yes
5,96,56,Yes,7,Yes
4,70,59,No,7,No
1,57,76,No,3,No
6,63,23,Yes,5,No
10,87,32,No,6,Yes
1,99,49,Yes,3,No
10,52,31,No,9,No
8,99,67,Yes,5,Yes
6,77,85,Yes,7,Yes
10,67,73,Yes,5,Yes
5,75,93,Yes,6,Yes
10,61,96,Yes,7,Yes
2,71,90,No,10,Yes
5,50,53,Yes,4,No
10,82,67,No,9,Yes
9,49,80,Yes,10,Yes
9,68,51,No,9,Yes
10,79,36,No,8,Yes
4,64,21,No,8,No
6,40,38,No,4,No
2,75,57,Yes,8,No
5,95,29,No,3,No
4,81,33,Yes,6,No
7,81,72,Yes,4,Yes
3,68,29,No,4,No
6,84,59,No,4,No
1,56,62,Yes,9,No
2,40,34,No,3,No
8,80,83,Yes,10,Yes
9,45,38,Yes,5,No
1,67,38,No,6,No
6,88,93,Yes,4,Yes
3,44,30,Yes,4,No
4,46,30,Yes,8,No
6,89,91,Yes,10,Yes
3,41,29,No,7,No
6,49,84,No,8,Yes
5,54,22,No,7,No
3,59,45,No,9,No
9,41,69,No,8,Yes
6,77,99,No,9,Yes
4,44,30,Yes,10,No
8,68,32,No,9,No
8,54,30,Yes,3,No
1,55,24,No,10,No
3,83,81,No,9,Yes
5,90,77,No,3,No
6,47,90,Yes,6,Yes
6,96,23,Yes,6,No
1,68,66,No,3,No
8,95,27,Yes,3,No
2,69,90,No,5,No
5,41,67,Yes,10,No
3,44,22,No,7,No
2,72,91,No,4,No
4,66,29,No,5,No
7,74,22,No,4,No
8,42,74,No,4,No
7,58,42,No,4,No
3,72,75,No,9,No
3,82,79,No,6,No
2,49,55,Yes,4,No
1,48,56,Yes,6,No
2,64,46,Yes,10,No
3,81,52,Yes,6,No
2,97,89,Yes,5,Yes
2,72,86,No,4,No
10,74,56,No,6,Yes
9,56,97,No,8,Yes
5,81,38,Yes,7,No
1,64,72,Yes,3,No
9,41,64,Yes,9,Yes
5,53,31,No,3,No
7,40,67,Yes,7,No
7,79,27,No,10,No
5,59,40,No,8,No
10,56,43,Yes,7,No
2,79,25,No,7,No
4,54,69,Yes,9,No
10,93,68,No,6,Yes
5,70,22,Yes,5,No
8,60,81,No,4,Yes
5,81,60,Yes,8,No
2,68,100,No,10,Yes
4,40,79,No,9,No
7,70,36,Yes,6,No
9,63,54,No,5,No
8,68,25,No,5,No
8,70,30,No,3,No
1,72,62,No,3,No
7,94,40,No,8,Yes
8,95,41,Yes,10,Yes
4,95,96,No,3,Yes
8,79,70,Yes,6,Yes
2,83,58,Yes,3,No
2,67,95,Yes,8,Yes
6,49,32,Yes,5,No
5,44,70,Yes,10,No
1,58,61,Yes,4,No
10,65,92,Yes,5,Yes
2,99,48,No,8,No
10,89,63,Yes,9,Yes
1,46,66,Yes,10,No
5,44,58,No,5,No
3,46,99,Yes,7,No
5,61,35,No,3,No
6,48,50,Yes,3,No
4,82,89,Yes,10,Yes
3,89,71,No,6,No
8,67,26,No,3,No
9,45,49,Yes,3,No
7,64,79,No,3,No
9,78,99,Yes,8,Yes
7,97,92,No,4,Yes
10,80,45,Yes,8,Yes
4,67,36,No,7,No
8,40,47,Yes,7,No
10,97,94,Yes,5,Yes
4,66,44,Yes,6,No
7,40,38,Yes,5,No
7,87,37,Yes,10,Yes
5,82,23,Yes,5,No
3,100,52,No,7,No
10,50,54,Yes,3,No
1,93,96,No,4,No
2,72,24,Yes,4,No
4,48,42,No,3,No
2,60,94,Yes,9,No
9,67,36,No,6,No
9,80,41,No,7,Yes
3,40,87,No,6,No
2,98,82,Yes,8,Yes
6,97,83,Yes,6,Yes
7,65,58,No,7,No
3,85,81,Yes,10,Yes
5,57,38,Yes,6,No
5,93,77,Yes,6,Yes
8,86,54,Yes,6,Yes
2,53,76,Yes,5,No
7,90,42,No,4,No
8,93,91,No,4,Yes
10,42,36,No,5,No
1,63,60,Yes,7,No
8,58,62,Yes,10,Yes
1,69,70,No,3,No
9,64,54,No,7,Yes
8,51,41,Yes,7,No
6,52,63,No,4,No
4,55,43,No,8,No
9,75,82,Yes,9,Yes
5,82,23,No,9,No
6,70,55,Yes,5,No
2,93,32,Yes,8,No
4,90,49,Yes,6,No
10,74,82,Yes,8,Yes
9,71,47,No,5,No
9,72,95,Yes,6,Yes
2,50,90,Yes,6,No
4,93,39,No,8,No
3,98,98,Yes,4,Yes
8,90,100,Yes,3,Yes
8,95,66,No,7,Yes
10,44,78,Yes,8,Yes
4,95,61,No,10,Yes
8,58,38,Yes,10,No
4,74,52,No,5,No
4,43,76,No,7,No
8,79,24,No,4,No
4,53,54,Yes,6,No
1,48,54,Yes,8,No
6,58,69,Yes,7,No
6,59,87,No,8,Yes
8,66,27,Yes,6,No
3,50,29,Yes,6,No
10,72,47,No,7,Yes
4,97,65,No,5,No
3,71,91,No,9,Yes
7,77,75,Yes,7,Yes
2,69,38,No,8,No
7,93,27,No,7,No
5,65,46,Yes,9,No
1,87,75,No,6,No
6,76,30,No,3,No
5,90,91,Yes,9,Yes
5,84,64,No,6,No
10,66,27,No,4,No
8,65,64,No,7,Yes
1,90,79,Yes,3,No
4,82,27,Yes,7,No
10,77,35,Yes,6,No
6,70,86,Yes,5,Yes
3,86,47,Yes,5,No
2,77,27,No,10,No
7,62,85,No,5,Yes
6,52,58,Yes,5,No
8,57,47,No,5,No
8,45,22,Yes,7,No
10,40,20,Yes,9,No
8,66,96,Yes,3,Yes
6,49,30,Yes,6,No
2,95,26,Yes,3,No
8,97,73,No,10,Yes
4,52,97,No,4,No
3,71,38,Yes,8,No
10,92,30,Yes,6,Yes
3,76,31,No,9,No
10,62,30,No,7,No
5,40,82,No,10,No
10,88,21,No,10,Yes
7,63,88,No,8,Yes
3,47,62,No,5,No
4,87,78,No,5,No
5,49,36,Yes,9,No
10,46,71,No,6,Yes
9,44,76,Yes,9,Yes
5,87,86,Yes,5,Yes
2,69,53,Yes,10,No
2,43,38,Yes,6,No
7,82,81,Yes,8,Yes
4,99,61,Yes,8,Yes
10,80,23,Yes,6,No
7,75,24,Yes,7,No
6,92,26,No,5,No
7,43,36,No,8,No
4,53,29,No,4,No
1,63,32,Yes,5,No
10,77,57,Yes,9,Yes
7,87,48,No,8,Yes
3,64,91,Yes,10,Yes
3,40,57,Yes,8,No
7,51,27,Yes,9,No
8,55,63,Yes,4,No
3,61,47,Yes,6,No
7,56,20,Yes,6,No
1,99,67,No,5,No
4,94,56,No,3,No
10,81,96,Yes,8,Yes
8,57,90,No,4,Yes
2,45,41,Yes,4,No
3,75,95,No,6,Yes
1,92,90,No,5,No
10,70,43,Yes,3,No
5,70,22,Yes,9,No
4,96,98,Yes,5,Yes
4,55,21,No,7,No
5,100,30,Yes,10,No
3,73,52,No,9,No
8,97,70,Yes,4,Yes
3,41,93,No,5,No
3,59,65,No,6,No
4,86,86,Yes,3,No
2,70,51,Yes,4,No
6,84,56,No,10,Yes
1,79,45,Yes,7,No
5,58,20,No,7,No
10,81,48,Yes,4,Yes
6,50,77,No,3,No
2,95,85,No,5,No
2,70,63,Yes,10,No
4,100,31,Yes,4,No
10,46,21,No,3,No
5,77,86,Yes,3,No
3,100,73,No,7,Yes
9,91,41,No,3,No
9,69,92,Yes,10,Yes
7,61,46,Yes,6,No
9,83,70,No,4,Yes
3,45,83,No,3,No
6,81,20,Yes,9,No
8,54,41,Yes,8,No
4,82,65,No,10,Yes
4,66,85,Yes,5,No
7,97,90,No,5,Yes
8,90,67,Yes,6,Yes
4,98,43,No,8,No
7,83,29,No,9,No
1,50,81,Yes,10,No
4,73,59,Yes,6,No
9,63,94,Yes,3,Yes
4,78,55,Yes,5,No
5,82,43,No,3,No
2,99,20,Yes,7,No
5,75,21,Yes,8,No
10,60,64,No,3,No
9,45,43,Yes,6,No
7,62,73,No,8,Yes
10,46,40,Yes,6,No
4,71,99,No,6,Yes
6,88,78,Yes,10,Yes
3,99,87,Yes,7,Yes
9,57,98,No,8,Yes
1,65,36,No,10,No
9,48,95,Yes,7,Yes
6,61,54,No,6,No
2,98,53,Yes,6,No
2,91,96,Yes,3,No
10,81,25,No,4,No
7,59,55,Yes,10,Yes
9,69,85,Yes,4,Yes
5,44,44,Yes,10,No
7,65,96,No,4,Yes
10,98,32,No,8,Yes
3,74,74,Yes,10,Yes
2,94,75,No,8,Yes
3,77,73,Yes,9,No
1,88,44,Yes,4,No
10,45,56,Yes,10,Yes
5,54,46,No,9,No
5,68,65,No,6,No
8,89,67,Yes,3,Yes
2,79,88,No,6,No
6,91,77,Yes,7,Yes
10,61,39,No,7,No
3,60,60,No,4,No
10,77,49,No,3,No
5,58,41,No,4,No
7,80,66,No,3,No
9,67,62,Yes,7,Yes
4,68,47,No,3,No
3,58,52,Yes,10,No
7,56,23,Yes,10,No
9,73,60,No,3,No
2,98,61,No,6,No
6,51,26,No,6,No
9,86,79,No,3,Yes
4,94,32,Yes,6,No
1,45,41,Yes,4,No
4,41,62,No,3,No
6,52,25,No,3,No
4,84,40,No,9,No
7,71,20,No,4,No
5,90,95,Yes,9,Yes
2,66,78,Yes,5,No
2,91,44,No,7,No
4,96,47,No,5,No
1,50,60,Yes,8,No
10,65,53,Yes,9,Yes
4,75,76,Yes,7,No
8,62,72,Yes,9,Yes
3,56,97,No,9,Yes
3,67,79,Yes,9,No
8,61,96,No,6,Yes
3,96,68,Yes,7,No
2,86,74,Yes,10,Yes
6,44,85,Yes,5,No
9,40,37,Yes,4,No
6,89,97,No,9,Yes
9,53,43,No,10,Yes
8,45,42,Yes,4,No
8,40,94,No,8,Yes
6,92,26,No,7,No
5,47,93,Yes,3,No
10,82,81,Yes,4,Yes
9,98,76,No,9,Yes
2,50,48,Yes,5,No
5,73,25,Yes,7,No
2,96,95,Yes,4,Yes
5,63,60,Yes,6,No
4,45,90,No,5,No
9,66,89,No,5,Yes
5,77,92,No,7,Yes
3,68,65,Yes,4,No
6,64,43,Yes,9,No
7,45,49,Yes,8,No
4,92,58,Yes,10,Yes
6,80,95,No,8,Yes
6,65,52,No,5,No
6,80,57,Yes,7,No
4,46,72,No,4,No
5,81,91,No,8,Yes
4,64,89,No,9,Yes
5,56,82,No,8,Yes
4,48,72,No,10,No
2,73,67,Yes,4,No
7,40,60,Yes,3,No
6,45,61,Yes,5,No
2,95,63,Yes,10,No
6,63,80,No,7,Yes
5,74,41,No,4,No
1,45,89,Yes,9,No
10,62,74,No,8,Yes
4,98,27,Yes,4,No
3,58,71,Yes,8,No
8,44,79,Yes,9,Yes
1,75,37,No,5,No
7,72,24,No,7,No
1,90,99,Yes,3,No
10,74,93,No,6,Yes
2,98,64,No,5,No
2,63,50,No,7,No
3,74,96,Yes,5,No
6,99,52,Yes,10,Yes
7,60,58,No,10,Yes
4,90,51,No,9,No
6,66,67,No,8,Yes
2,87,40,No,5,No
6,96,32,No,3,No
6,86,77,No,10,Yes
9,46,60,Yes,9,Yes
10,87,38,Yes,5,Yes
1,51,94,No,9,No
5,40,80,Yes,3,No
5,79,77,No,4,No
4,57,86,No,3,No
10,93,27,No,9,Yes
8,72,83,Yes,9,Yes
4,67,62,No,3,No
6,62,96,No,3,Yes
2,64,80,No,4,No
6,69,54,Yes,4,No
8,83,32,Yes,6,No
1,94,57,Yes,10,No
8,75,31,No,3,No
10,85,59,Yes,4,Yes
8,99,35,No,8,Yes
8,80,94,No,10,Yes
2,77,37,No,3,No
1,54,96,Yes,10,No
7,40,30,Yes,8,No
3,54,54,Yes,9,No
3,57,79,No,7,No
10,84,32,Yes,6,Yes
10,55,66,Yes,5,Yes
7,99,82,Yes,10,Yes
4,43,49,No,10,No
10,71,68,No,5,Yes
1,65,32,No,10,No
8,85,65,Yes,4,Yes
1,73,22,Yes,6,No
10,75,53,No,3,No
3,91,36,No,5,No
1,64,33,Yes,6,No
1,45,71,No,4,No
2,67,24,Yes,3,No
6,72,99,No,7,Yes
10,49,78,Yes,7,Yes
1,52,65,Yes,10,No
10,60,45,No,7,Yes
3,80,88,No,9,Yes
6,60,89,Yes,5,Yes
3,48,54,No,10,No
3,56,74,No,8,No
3,47,96,Yes,8,No
2,56,41,No,6,No
5,96,35,Yes,8,No
1,56,78,No,3,No
5,87,45,No,8,No
6,94,65,Yes,3,No
10,87,63,No,4,Yes
8,89,79,Yes,10,Yes
8,74,68,Yes,5,Yes
2,83,45,No,4,No
9,53,57,No,8,Yes
4,86,48,Yes,8,No
3,67,40,No,8,No
4,86,32,Yes,6,No
1,49,50,No,7,No
4,99,86,No,4,Yes
5,68,73,Yes,7,No
6,90,54,No,7,Yes
6,70,76,Yes,10,Yes
3,63,43,Yes,9,No
9,41,78,No,9,Yes
5,74,38,Yes,9,No
4,45,81,No,8,No
2,64,48,No,3,No
6,45,23,No,5,No
3,44,20,No,3,No
1,59,62,No,3,No
1,46,33,No,4,No
5,76,79,No,9,Yes
4,94,46,No,7,No
6,93,25,No,7,No
1,91,66,Yes,8,No
9,88,80,Yes,6,Yes
5,57,41,Yes,3,No
3,86,83,No,6,Yes
2,55,26,Yes,4,No
10,80,45,No,8,Yes
6,61,83,No,6,Yes
3,59,99,No,8,Yes
2,84,82,Yes,6,No
9,60,84,Yes,6,Yes
1,86,28,No,4,No
9,61,62,Yes,8,Yes
5,76,60,No,5,No
4,41,90,No,10,Yes
10,44,88,No,9,Yes
8,50,100,No,4,Yes
9,76,66,No,7,Yes
2,77,32,No,8,No
5,96,33,Yes,5,No
2,98,87,Yes,9,Yes
7,58,78,Yes,7,Yes
7,61,68,Yes,3,No
9,100,95,Yes,3,Yes
5,87,29,No,10,No
2,83,70,No,4,No
7,75,77,Yes,10,Yes
8,97,93,Yes,7,Yes
8,70,55,Yes,10,Yes
4,78,55,No,3,No
7,93,28,No,9,No
5,89,49,Yes,3,No
4,53,28,No,6,No
7,92,79,No,9,Yes
2,92,83,Yes,4,No
10,93,23,No,7,Yes
4,71,77,Yes,7,No
9,71,89,Yes,4,Yes
7,97,31,No,9,Yes
7,67,21,No,9,No
9,69,63,No,9,Yes
5,47,27,Yes,3,No
5,50,86,No,10,Yes
9,97,86,Yes,4,Yes
10,54,63,Yes,7,Yes
5,82,99,Yes,9,Yes
7,88,86,Yes,3,Yes
10,65,78,Yes,3,Yes
6,95,50,No,10,Yes
2,48,54,Yes,7,No
5,61,63,Yes,3,No
3,56,58,No,3,No
6,90,84,No,8,Yes
10,64,27,Yes,4,No
8,52,56,Yes,9,Yes
9,58,41,No,4,No
2,97,27,Yes,5,No
9,50,60,Yes,10,Yes
1,97,76,No,7,No
6,61,69,Yes,10,Yes
4,52,73,No,6,No
4,47,84,Yes,10,No
8,77,82,No,5,Yes
9,62,73,Yes,5,Yes
8,88,33,Yes,9,Yes
9,83,95,Yes,6,Yes
10,54,20,No,5,No
2,43,28,Yes,4,No
7,62,63,No,9,Yes
7,59,50,Yes,3,No
4,98,37,Yes,10,No
7,97,81,No,10,Yes
3,83,91,No,5,Yes
2,99,86,Yes,9,Yes
4,41,53,No,5,No
6,76,96,Yes,9,Yes
8,48,84,No,9,Yes
9,79,25,Yes,10,Yes
7,74,65,No,7,Yes
10,66,26,Yes,4,No
4,94,40,Yes,3,No
1,74,51,Yes,3,No
1,94,70,Yes,9,No
3,77,99,No,8,Yes
6,61,20,No,5,No
9,78,31,No,9,Yes
3,92,91,Yes,6,Yes
2,63,73,No,6,No
3,100,84,Yes,10,Yes
6,74,93,Yes,6,Yes
5,66,28,Yes,5,No
2,97,29,No,7,No
9,83,69,No,5,Yes
4,67,79,Yes,6,No
8,44,77,No,3,No
8,86,59,Yes,5,Yes
4,50,93,No,6,No
5,72,57,No,6,No
8,82,76,Yes,10,Yes
7,51,74,No,3,No
9,73,98,No,7,Yes
6,74,50,No,10,Yes
7,76,94,No,4,Yes
1,72,24,No,4,No
6,64,38,No,9,No
6,52,22,No,3,No
1,84,55,Yes,7,No
5,76,76,No,10,Yes
8,78,37,Yes,4,No
1,43,56,No,7,No
2,61,95,Yes,3,No
5,52,58,No,6,No
4,83,48,No,8,No
5,49,70,Yes,7,No
2,45,99,No,5,No
3,84,61,No,9,No
10,56,34,Yes,3,No
1,65,49,Yes,4,No
4,75,42,No,8,No
6,78,30,No,6,No
5,46,83,Yes,10,Yes
5,94,20,No,10,No
8,43,88,Yes,3,No
10,65,42,No,6,No
5,75,60,Yes,8,No
2,43,91,Yes,8,No
7,83,49,Yes,3,No
10,50,89,No,8,Yes
7,76,76,Yes,9,Yes
1,48,30,No,10,No
9,50,65,No,4,No
7,64,81,Yes,9,Yes
3,73,88,No,10,Yes
6,60,56,Yes,4,No
6,64,67,No,9,Yes
5,92,55,No,3,No
2,54,21,Yes,6,No
6,48,69,No,7,No
2,50,44,Yes,10,No
4,86,61,No,5,No
4,46,71,Yes,8,No
4,50,68,No,7,No
7,76,55,No,7,No
6,82,92,Yes,5,Yes
6,75,49,No,8,No
9,79,92,No,8,Yes
1,63,90,Yes,3,No
6,92,21,Yes,5,No
10,85,81,No,3,Yes
3,90,82,No,3,No
6,40,68,Yes,8,No
8,83,56,Yes,5,Yes
1,52,67,No,10,No
5,83,41,Yes,7,No
1,81,92,Yes,4,No
9,62,51,No,10,Yes
8,59,36,No,6,No
7,86,75,Yes,10,Yes
7,76,32,No,3,No
6,55,41,No,8,No
9,62,48,No,10,Yes
3,99,21,Yes,6,No
9,79,82,No,7,Yes
7,50,63,No,10,Yes
1,50,86,No,8,No
10,75,81,Yes,3,Yes
2,80,62,No,3,No
4,84,58,Yes,3,No
2,67,33,No,4,No
3,81,51,Yes,4,No
3,65,53,Yes,7,No
6,78,48,Yes,5,No
9,42,64,No,6,No
5,95,37,No,3,No
6,63,66,Yes,4,No
4,51,56,Yes,10,No
5,76,55,No,10,No
9,86,23,Yes,5,No
5,43,36,No,4,No
2,46,81,Yes,7,No
5,46,23,No,5,No
4,93,64,No,10,Yes
3,53,97,No,5,No
1,95,77,No,10,Yes
3,97,95,Yes,5,Yes
1,64,56,No,8,No
1,56,98,No,9,No
5,95,42,Yes,5,No
2,75,35,No,3,No
1,83,70,Yes,6,No
9,61,48,Yes,4,No
2,65,57,Yes,4,No
3,45,24,Yes,10,No
9,92,48,No,9,Yes
10,56,95,No,5,Yes
9,79,77,No,5,Yes
3,66,44,No,3,No
8,44,76,No,9,Yes
8,57,60,Yes,6,No
5,62,36,No,8,No
4,58,87,Yes,3,No
7,46,72,No,7,No
8,66,68,No,9,Yes
5,59,69,Yes,4,No
8,59,59,No,8,Yes
6,49,100,Yes,7,Yes
4,60,30,No,8,No
3,89,69,No,6,No
6,54,90,Yes,8,Yes
1,42,69,No,5,No
2,62,33,No,6,No
5,78,86,No,3,No
7,84,26,Yes,9,No
9,42,29,Yes,5,No
7,82,50,No,9,Yes
9,55,44,No,7,No
1,87,34,No,7,No
4,55,48,Yes,6,No
3,48,96,No,7,No
7,57,41,No,3,No
8,98,33,No,10,Yes
1,47,96,Yes,3,No
7,79,96,Yes,8,Yes
8,64,95,No,4,Yes
4,62,62,No,7,No
4,76,65,Yes,4,No
4,92,49,No,10,No
9,88,53,Yes,6,Yes
6,98,21,No,8,No
5,56,78,Yes,10,Yes
4,56,99,No,6,Yes
9,47,93,No,7,Yes
7,59,42,Yes,4,No
8,92,36,Yes,5,No
1,78,83,No,9,No
3,70,48,Yes,3,No
7,53,99,Yes,4,Yes
4,65,39,Yes,6,No
6,43,59,No,4,No
5,92,81,Yes,7,Yes
3,66,22,No,5,No
3,56,99,No,8,Yes
9,54,53,Yes,5,No
10,78,100,Yes,6,Yes
7,41,67,No,8,No
4,66,34,Yes,9,No
1,92,53,No,3,No
4,67,33,Yes,7,No
4,68,53,No,5,No
1,52,41,No,4,No
2,59,84,Yes,3,No
1,60,43,No,7,No
10,80,48,Yes,8,Yes
3,43,23,Yes,9,No
9,55,54,Yes,7,No
9,64,45,Yes,5,No
1,83,61,No,4,No
5,63,27,No,9,No
10,97,92,No,3,Yes
10,44,80,No,5,Yes
3,86,77,No,4,No
7,65,96,Yes,4,Yes
10,63,20,No,6,No
8,70,22,Yes,3,No
4,69,83,Yes,9,Yes
2,52,26,No,10,No
7,50,42,Yes,8,No
10,62,90,No,6,Yes
7,41,76,Yes,4,No
6,40,34,No,10,No
8,72,69,Yes,8,Yes
7,48,91,Yes,10,Yes
6,59,90,No,10,Yes
4,63,64,No,7,No
1,99,99,Yes,5,Yes
7,68,80,No,8,Yes
3,79,41,No,5,No
1,78,27,No,4,No
8,40,59,No,6,No
3,47,41,Yes,9,No
7,95,64,Yes,4,Yes
4,77,65,Yes,6,No
10,44,81,Yes,10,Yes
6,47,87,No,6,No
8,49,32,Yes,3,No
10,92,22,Yes,7,Yes
8,55,88,Yes,6,Yes
2,64,88,Yes,7,No
2,80,55,Yes,3,No
6,75,96,No,7,Yes
7,74,42,Yes,9,No
6,57,48,Yes,9,No
6,59,34,No,6,No
9,99,22,No,4,No
4,80,31,No,4,No
7,70,55,Yes,3,No
6,93,34,Yes,8,No
7,55,33,No,5,No
10,79,81,No,10,Yes
3,95,61,Yes,5,No
10,50,52,No,6,No
9,53,38,No,6,No
5,43,26,No,5,No
1,50,30,Yes,8,No
3,79,97,Yes,4,No
8,85,54,Yes,3,No
10,66,97,Yes,9,Yes
1,76,60,No,9,No
8,74,31,No,9,No
6,84,87,No,9,Yes
4,61,48,No,8,No
9,43,38,No,6,No
9,67,87,Yes,7,Yes
4,89,47,Yes,9,No
3,89,50,Yes,6,No
4,77,84,Yes,4,No
4,58,90,Yes,7,No
7,87,76,No,6,Yes
4,64,34,Yes,4,No
10,92,95,Yes,6,Yes
8,96,64,No,10,Yes
8,95,20,Yes,5,No
5,97,34,No,6,No
4,59,40,Yes,4,No
9,62,49,Yes,5,No
2,99,86,No,9,Yes
7,98,36,Yes,7,No
2,59,94,Yes,5,No
8,88,44,Yes,4,No
4,43,60,Yes,5,No
10,100,38,Yes,6,Yes
10,47,80,Yes,7,Yes
10,76,27,Yes,7,No
2,62,87,No,5,No
8,66,60,Yes,7,Yes
7,72,34,No,4,No
9,42,41,No,4,No
3,45,81,No,10,No
1,91,66,No,7,No
9,56,36,No,10,No
5,90,36,No,7,No
9,95,88,No,10,Yes
8,92,98,No,10,Yes
6,56,35,Yes,9,No
9,60,83,No,6,Yes
4,95,72,Yes,4,No
7,51,61,Yes,8,No
6,96,80,No,10,Yes
1,92,32,Yes,8,No
7,83,84,No,3,Yes
2,98,57,No,7,No
5,49,30,Yes,7,No
8,83,89,Yes,5,Yes
6,40,32,Yes,3,No
4,68,68,No,8,No
5,83,45,Yes,4,No
5,79,95,No,7,Yes
4,60,39,No,6,No
7,87,38,No,6,No
4,92,33,No,9,No
3,95,89,No,7,Yes
10,50,24,Yes,9,No
7,83,95,Yes,7,Yes
10,59,39,No,7,No
4,72,38,Yes,4,No
4,83,94,No,6,Yes
4,51,49,No,7,No
1,92,92,Yes,5,No
9,97,56,No,5,Yes
1,95,59,No,3,No
10,53,78,No,3,Yes
1,44,92,No,5,No
4,71,66,Yes,5,No
5,86,44,Yes,5,No
1,66,84,No,6,No
4,52,25,No,6,No
3,59,100,Yes,7,Yes
1,59,93,No,8,No
5,64,62,Yes,6,No
6,54,85,No,8,Yes
10,54,70,Yes,5,Yes
9,89,28,Yes,8,Yes
10,88,25,Yes,4,No
3,60,82,Yes,9,No
2,75,91,Yes,3,No
5,81,28,No,5,No
8,60,53,Yes,9,Yes
10,72,52,No,3,No
2,64,66,No,8,No
8,89,35,Yes,4,No
2,75,71,No,6,No
9,71,49,Yes,4,No
4,67,61,Yes,4,No
10,52,59,Yes,8,Yes
1,45,73,Yes,8,No
8,81,42,No,3,No
7,65,90,Yes,4,Yes
10,92,82,No,10,Yes
1,46,33,No,7,No
2,88,67,No,8,No
10,89,56,No,8,Yes
7,78,81,Yes,3,Yes
2,69,38,Yes,10,No
6,90,77,Yes,7,Yes
7,87,75,No,3,Yes
1,47,83,No,8,No
8,43,34,Yes,5,No
5,99,34,No,9,No
5,85,46,Yes,6,No
4,81,60,Yes,7,No
7,86,62,Yes,8,Yes
1,62,22,Yes,5,No
6,54,47,Yes,4,No
8,53,27,No,9,No
10,51,31,No,7,No
6,70,91,No,10,Yes
4,96,83,Yes,9,Yes
2,59,51,No,6,No
9,55,46,No,4,No
10,72,67,No,3,Yes
5,87,33,No,4,No
1,52,67,Yes,3,No
2,66,36,Yes,7,No
5,41,90,No,3,No
10,66,57,No,4,Yes
7,45,37,No,3,No
5,93,87,Yes,3,Yes
3,89,45,No,6,No
7,52,68,Yes,6,No
10,80,86,Yes,10,Yes
10,100,51,Yes,6,Yes
2,68,47,No,7,No
8,85,58,Yes,8,Yes
4,56,99,Yes,5,No
5,77,66,Yes,4,No
8,54,68,No,9,Yes
4,68,72,No,3,No
7,65,51,No,7,No
9,96,80,Yes,4,Yes
2,76,34,No,7,No
9,41,84,Yes,8,Yes
5,63,83,Yes,4,No
10,78,58,No,3,Yes
10,53,43,Yes,10,Yes
2,100,46,No,10,No
7,62,87,Yes,6,Yes
9,45,61,Yes,6,No
4,42,38,No,9,No
4,79,26,No,5,No
10,74,25,Yes,8,No
4,84,84,Yes,3,No
8,78,79,No,8,Yes
1,61,84,No,9,No
6,61,81,Yes,3,No
9,78,46,Yes,6,Yes
7,75,27,No,9,No
5,93,52,No,7,No
6,55,28,No,10,No
9,94,70,No,6,Yes
9,45,94,No,7,Yes
7,59,87,Yes,3,No
4,52,48,Yes,7,No
8,90,59,No,6,Yes
8,64,26,Yes,4,No
5,57,53,No,5,No
1,44,83,No,4,No
1,70,64,Yes,4,No
7,76,96,Yes,4,Yes
2,52,73,No,8,No
2,80,99,Yes,5,No
1,89,83,No,9,Yes
3,69,100,Yes,9,Yes
2,74,47,No,7,No
2,93,90,No,9,Yes
8,55,55,Yes,6,No
2,80,46,Yes,7,No
8,71,66,No,10,Yes
10,58,34,Yes,10,Yes
10,54,80,No,8,Yes
2,40,68,Yes,3,No
3,85,47,No,10,No
4,62,52,Yes,7,No
6,81,82,No,10,Yes
8,56,72,Yes,3,No
2,95,90,Yes,8,Yes
1,70,63,Yes,3,No
2,98,63,No,6,No
1,47,76,Yes,8,No
9,92,93,No,4,Yes
2,67,89,No,8,No
9,59,62,No,8,Yes
4,79,85,Yes,7,Yes
10,88,100,Yes,10,Yes
7,64,26,Yes,5,No
5,40,49,No,8,No
5,57,85,Yes,6,No
4,63,46,Yes,5,No
5,96,35,No,9,No
4,92,53,Yes,8,No
5,49,75,No,6,No
3,74,55,Yes,10,No
7,82,90,Yes,10,Yes
7,75,42,No,6,No
2,79,82,No,6,No
5,61,45,No,4,No
5,92,74,Yes,3,No
3,97,72,No,7,Yes
6,71,72,No,3,No
9,64,37,Yes,9,No
1,59,42,Yes,3,No
2,63,45,No,6,No
8,48,38,Yes,8,No
2,78,95,Yes,7,Yes
10,59,39,Yes,8,No
6,43,45,Yes,5,No
1,52,52,Yes,8,No
9,61,64,No,4,No
10,69,41,Yes,8,Yes
6,81,88,Yes,7,Yes
7,72,54,No,3,No
6,51,48,No,9,No
8,49,35,No,8,No
7,44,93,Yes,7,Yes
8,56,98,No,8,Yes
7,74,27,Yes,6,No
6,66,66,Yes,10,Yes
2,64,65,No,3,No
10,54,82,No,8,Yes
2,55,94,No,5,No
7,42,62,No,9,No
10,49,75,Yes,8,Yes
9,89,40,Yes,10,Yes
2,76,37,Yes,4,No
10,58,41,Yes,4,No
1,86,82,Yes,6,No
9,84,55,No,5,Yes
2,61,53,No,9,No
9,93,28,Yes,6,No
6,50,68,Yes,8,No
9,45,83,No,3,No
5,87,65,No,4,No
7,82,33,Yes,3,No
10,46,58,Yes,10,Yes
5,83,70,No,5,No
4,89,24,Yes,5,No
9,82,71,No,3,Yes
3,99,37,No,8,No
6,94,56,No,9,Yes
10,91,39,Yes,6,Yes
3,81,85,No,5,No
7,89,72,Yes,7,Yes
7,93,87,No,8,Yes
2,89,95,Yes,9,Yes
4,44,37,Yes,7,No
8,100,96,Yes,5,Yes
8,91,55,Yes,3,No
1,80,75,Yes,6,No
2,77,22,Yes,4,No
6,69,35,No,9,No
6,96,55,Yes,8,Yes
3,42,34,No,5,No
7,87,23,Yes,5,No
8,86,42,Yes,10,Yes
9,84,30,Yes,4,No
7,95,89,No,9,Yes
1,88,38,Yes,6,No
1,76,29,No,7,No
3,47,24,No,9,No
2,48,86,Yes,3,No
3,62,50,No,6,No
3,68,66,Yes,10,No
2,97,49,No,8,No
3,67,34,Yes,9,No
3,43,98,No,4,No
6,67,69,No,9,Yes
4,63,44,No,4,No
2,50,52,Yes,9,No
8,78,21,No,4,No
5,42,49,Yes,6,No
2,46,48,Yes,6,No
8,60,75,No,9,Yes
7,86,28,Yes,9,No
8,68,75,No,6,Yes
4,46,38,Yes,6,No
10,98,31,Yes,6,Yes
3,97,21,No,5,No
9,62,23,Yes,8,No
7,61,55,Yes,8,No
4,47,52,No,9,No
8,58,25,Yes,9,No
4,82,79,Yes,4,No
9,73,76,Yes,9,Yes
2,42,69,Yes,6,No
7,99,78,No,4,Yes
9,83,70,No,9,Yes
3,77,94,Yes,4,No
8,80,48,Yes,3,No
1,76,96,No,9,Yes
6,49,34,Yes,9,No
10,92,35,Yes,6,Yes
10,76,29,Yes,8,Yes
7,42,54,No,5,No
8,73,45,Yes,5,No
8,51,93,Yes,6,Yes
1,51,40,Yes,5,No
2,81,38,Yes,4,No
5,84,88,No,7,Yes
3,90,90,No,10,Yes
10,81,69,No,6,Yes
10,100,46,No,9,Yes
10,65,56,No,7,Yes
7,76,67,No,7,Yes
4,61,47,Yes,6,No
6,65,54,Yes,4,No
4,52,67,Yes,10,No
8,83,94,No,5,Yes
2,52,74,Yes,4,No
1,66,84,No,6,No
5,75,96,Yes,6,Yes
7,98,96,Yes,5,Yes
1,49,42,No,3,No
4,44,64,No,6,No
5,83,59,Yes,5,No
4,75,20,No,8,No
8,46,50,No,5,No
8,74,74,Yes,10,Yes
8,44,77,No,6,Yes
10,95,47,Yes,7,Yes
8,84,91,Yes,7,Yes
4,49,59,Yes,3,No
6,61,22,Yes,3,No
2,43,52,No,4,No
3,68,74,No,7,No
2,75,38,Yes,10,No
2,82,47,Yes,5,No
10,99,40,Yes,10,Yes
5,96,69,No,8,Yes
1,55,94,Yes,4,No
5,99,88,No,10,Yes
9,59,95,Yes,3,Yes
7,58,26,Yes,5,No
3,59,44,Yes,3,No
8,65,43,Yes,7,No
1,60,37,Yes,7,No
5,70,92,Yes,4,Yes
7,58,33,Yes,3,No
4,48,91,Yes,7,No
10,58,99,No,8,Yes
5,67,24,Yes,8,No
4,42,48,Yes,4,No
9,58,97,No,10,Yes
3,47,49,No,7,No
10,53,53,Yes,6,No
1,53,56,Yes,8,No
9,75,39,Yes,6,No
10,72,37,No,4,No
8,97,44,No,5,Yes
1,45,70,No,7,No
7,46,29,Yes,3,No
7,86,66,No,10,Yes
10,98,97,No,7,Yes
4,40,91,No,3,No
2,54,37,No,6,No
4,67,44,Yes,9,No
2,91,78,No,5,No
2,79,27,No,3,No
10,47,99,Yes,9,Yes
2,73,60,Yes,5,No
2,60,90,No,10,Yes
4,98,36,No,10,No
5,81,46,No,7,No
3,84,28,Yes,6,No
10,74,26,Yes,6,No
10,54,62,Yes,7,Yes
7,59,32,No,7,No
8,54,47,No,5,No
6,94,74,Yes,9,Yes
2,70,82,No,7,No
5,50,56,Yes,3,No
5,92,71,No,6,Yes
9,49,26,Yes,8,No
5,74,83,Yes,4,No
2,69,67,No,6,No
4,40,21,Yes,9,No
1,45,30,Yes,6,No
3,45,24,No,6,No
10,56,23,Yes,10,No
2,98,82,Yes,6,Yes
5,61,83,Yes,8,Yes
1,63,33,Yes,4,No
9,98,29,Yes,9,Yes
7,62,56,Yes,6,No
2,92,49,No,3,No
4,64,70,No,8,No
6,42,81,Yes,8,No
10,48,67,No,6,Yes
10,96,99,No,6,Yes
4,86,46,Yes,8,No
9,96,42,No,3,No
3,51,48,Yes,6,No
7,85,90,Yes,4,Yes
1,48,23,Yes,9,No
1,62,82,Yes,5,No
6,68,61,Yes,7,No
8,50,60,No,9,Yes
8,95,22,No,6,No
5,76,35,No,7,No
1,86,49,Yes,4,No
4,54,58,Yes,9,No
6,44,56,No,4,No
6,61,67,Yes,3,No
1,59,23,Yes,5,No
7,57,53,No,8,No
2,86,40,Yes,10,No
7,63,29,No,10,No
4,62,39,Yes,9,No
7,54,63,No,5,No
7,65,98,Yes,6,Yes
6,81,36,No,4,No
10,61,61,Yes,9,Yes
4,56,86,Yes,9,Yes
2,55,56,No,9,No
6,87,41,Yes,10,Yes
1,80,97,No,3,No
2,69,42,Yes,7,No
2,89,83,Yes,9,Yes
8,90,38,No,6,No
7,44,36,No,5,No
5,50,24,Yes,6,No
10,48,82,Yes,10,Yes
2,88,39,Yes,10,No
1,81,27,No,5,No
10,81,86,Yes,6,Yes
4,71,68,No,8,No
7,71,47,No,6,No
10,62,33,No,9,No
3,61,54,Yes,3,No
2,84,21,No,8,No
7,45,53,Yes,8,No
5,100,74,Yes,10,Yes
8,47,35,No,4,No
10,57,100,Yes,5,Yes
2,42,83,No,3,No
9,80,84,No,9,Yes
4,93,70,Yes,10,Yes
7,43,82,Yes,10,Yes
8,44,84,No,5,Yes
8,59,57,No,8,Yes
4,41,84,Yes,4,No
9,67,23,No,6,No
7,52,76,Yes,10,Yes
8,60,84,Yes,6,Yes
10,51,77,Yes,5,Yes
6,79,89,No,10,Yes
9,68,60,Yes,9,Yes
2,88,97,No,6,Yes
1,72,52,Yes,10,No
7,81,66,No,6,Yes
3,41,20,Yes,3,No
4,60,44,Yes,3,No
4,100,48,No,7,No
4,86,66,Yes,4,No
9,76,59,Yes,10,Yes
8,85,85,No,8,Yes
4,56,34,Yes,6,No
6,70,95,No,5,Yes
9,59,92,Yes,3,Yes
1,68,100,No,4,No
6,70,98,Yes,8,Yes
5,85,76,No,8,Yes
1,93,34,Yes,4,No
3,96,34,No,6,No
2,97,52,No,8,No
10,57,33,No,3,No
4,93,21,Yes,4,No
5,88,85,No,10,Yes
6,86,78,No,3,Yes
6,59,67,No,8,No
7,40,25,No,3,No
1,60,87,Yes,5,No
9,70,21,No,4,No
7,43,77,No,4,No
6,47,91,Yes,6,Yes
6,55,63,Yes,10,No
8,88,32,No,10,Yes
7,93,56,No,7,Yes
7,85,43,Yes,8,No
8,81,55,Yes,4,No
6,69,61,Yes,8,No
7,64,39,No,5,No
4,75,60,No,9,No
10,48,64,No,7,Yes
8,88,73,No,5,Yes
6,98,39,No,9,Yes
7,80,94,No,9,Yes
4,41,64,Yes,7,No
3,45,67,Yes,7,No
3,56,43,Yes,5,No
2,73,38,No,6,No
1,100,21,Yes,8,No
2,82,39,No,8,No
6,44,64,No,10,No
8,48,93,Yes,8,Yes
5,86,33,No,8,No
5,68,75,Yes,6,No
8,70,79,Yes,5,Yes
3,91,30,Yes,5,No
9,40,49,No,10,No
1,90,51,No,6,No
8,85,55,Yes,8,Yes
7,78,24,No,4,No
3,89,64,Yes,4,No
9,83,91,Yes,3,Yes
5,60,60,No,8,No
3,79,34,Yes,4,No
3,43,97,Yes,6,No
3,72,39,No,3,No
1,100,66,No,4,No
1,48,31,Yes,6,No
6,97,27,Yes,8,No
7,60,81,Yes,7,Yes
10,57,54,No,10,Yes
7,73,28,No,7,No
7,56,41,Yes,9,No
1,64,71,Yes,4,No
2,82,71,No,5,No
10,48,27,Yes,3,No
4,86,63,No,8,No
5,97,24,Yes,6,No
4,88,74,Yes,5,No
8,64,83,Yes,5,Yes
9,56,31,Yes,4,No
9,49,45,Yes,3,No
10,97,38,Yes,5,Yes
7,57,20,No,5,No
2,60,41,Yes,4,No
3,74,59,No,8,No
3,48,75,No,3,No
7,46,66,No,10,Yes
3,47,27,Yes,9,No
10,81,88,Yes,9,Yes
6,79,28,No,5,No
9,91,27,Yes,7,No
8,74,84,No,4,Yes
6,54,99,Yes,3,No
9,46,24,Yes,3,No
10,80,24,No,9,Yes
7,91,76,Yes,6,Yes
1,59,40,Yes,3,No
8,57,66,No,4,No
9,91,83,No,6,Yes
6,56,64,No,3,No
9,53,58,No,7,Yes
5,62,75,No,5,No
6,41,91,No,3,No
4,81,59,No,3,No
4,93,95,Yes,3,Yes
3,93,50,Yes,3,No
9,82,93,Yes,10,Yes
3,71,33,No,4,No
9,70,22,No,9,No
6,88,80,No,7,Yes
6,78,46,Yes,3,No
3,90,38,No,8,No
10,64,24,Yes,9,No
9,84,32,Yes,3,No
6,95,91,No,6,Yes
9,55,90,No,5,Yes
9,49,58,Yes,8,Yes
6,90,91,No,10,Yes
4,44,76,No,3,No
8,75,75,Yes,3,Yes
9,51,57,No,10,Yes
5,48,43,No,4,No
9,41,38,Yes,7,No
8,76,56,No,6,Yes
3,54,80,No,8,No
10,86,86,Yes,4,Yes
7,60,43,Yes,8,No
4,56,37,Yes,6,No
7,85,41,Yes,4,No
1,50,32,No,10,No
6,91,78,Yes,6,Yes
6,74,84,Yes,5,Yes
8,66,36,No,10,No
5,54,25,Yes,9,No
4,100,80,No,7,Yes
4,99,80,Yes,7,Yes
10,54,36,No,8,No
5,99,78,No,7,Yes
4,80,72,No,6,No
5,87,39,No,4,No
3,55,95,No,3,No
6,71,53,No,6,No
1,53,87,No,4,No
10,95,97,Yes,9,Yes
2,58,84,No,8,No
1,47,37,Yes,6,No
8,84,22,No,8,No
1,90,36,No,5,No
2,80,77,Yes,5,No
10,59,85,No,7,Yes
5,50,93,Yes,6,No
10,49,72,Yes,6,Yes
2,57,55,Yes,5,No
9,75,60,No,6,Yes
10,88,48,No,5,Yes
4,78,36,Yes,3,No
1,64,34,Yes,7,No
7,97,44,Yes,9,Yes
5,91,73,No,4,No
9,69,98,No,4,Yes
1,54,67,Yes,4,No
4,53,80,No,9,No
2,42,23,No,6,No
6,43,71,Yes,3,No
8,87,74,Yes,4,Yes
4,56,95,No,7,Yes
2,43,62,Yes,10,No
1,65,36,No,9,No
7,54,85,Yes,8,Yes
7,80,96,No,9,Yes
8,62,29,No,5,No
5,89,74,No,5,Yes
9,53,74,Yes,7,Yes
4,87,79,Yes,10,Yes
10,43,91,Yes,4,Yes
7,89,60,No,6,Yes
10,43,89,No,6,Yes
10,85,99,No,5,Yes
3,56,28,No,10,No
10,67,63,No,5,Yes
5,41,75,No,9,No
2,60,90,No,4,No
3,54,96,No,5,No
6,63,44,Yes,9,No
10,68,35,Yes,9,Yes
3,77,55,Yes,3,No
3,86,61,No,3,No
4,75,31,Yes,5,No
5,69,24,Yes,8,No
9,61,37,Yes,9,No
10,60,48,No,5,No
4,90,53,Yes,5,No
9,76,38,No,7,No
1,96,71,No,6,No
4,66,37,Yes,9,No
5,55,82,No,4,No
3,85,33,Yes,5,No
1,79,96,No,8,Yes
2,54,72,Yes,4,No
9,86,92,No,5,Yes
6,89,35,No,10,No
5,57,42,No,8,No
3,49,33,No,5,No
4,41,80,Yes,10,No
10,66,36,Yes,9,Yes
3,79,96,Yes,4,No
3,56,29,No,10,No
3,95,99,Yes,9,Yes
1,69,80,No,7,No
7,45,57,Yes,10,No
2,71,80,No,9,No
7,72,76,No,9,Yes
4,62,34,No,3,No
7,65,35,Yes,9,No
6,88,62,Yes,10,Yes
9,82,64,Yes,9,Yes
9,88,86,Yes,7,Yes
4,64,79,Yes,5,No
2,68,69,No,9,No
6,61,38,Yes,3,No
4,54,96,No,9,Yes
10,100,76,No,7,Yes
8,85,27,Yes,9,No
9,72,88,No,3,Yes
5,48,99,No,3,No
5,63,96,No,7,Yes
1,48,55,No,3,No
2,83,65,No,6,No
8,42,41,Yes,4,No
8,89,82,Yes,4,Yes
7,55,100,Yes,4,Yes
10,71,25,No,6,No
9,86,48,No,5,Yes
4,56,48,Yes,6,No
1,40,31,Yes,10,No
1,85,81,No,6,No
8,82,95,No,4,Yes
8,93,35,Yes,4,No
1,79,95,No,9,Yes
8,62,44,No,4,No
3,96,97,Yes,5,Yes
8,40,79,No,3,No
9,66,49,Yes,8,Yes
1,89,100,Yes,5,No
2,97,56,Yes,8,No
8,52,36,Yes,4,No
4,86,39,Yes,7,No
4,68,63,No,6,No
3,67,52,No,9,No
2,55,51,No,10,No
3,100,54,Yes,6,No
3,66,47,Yes,9,No
5,87,91,Yes,8,Yes
7,55,74,No,10,Yes
6,98,29,No,10,No
4,74,63,Yes,10,No
6,81,49,No,6,No
3,40,66,Yes,4,No
9,66,76,No,3,Yes
5,82,99,Yes,5,Yes
3,54,80,No,4,No
8,69,47,Yes,5,No
6,98,74,No,8,Yes
5,49,92,No,5,No
10,46,54,No,3,No
9,42,91,Yes,10,Yes
10,48,59,No,6,Yes
7,98,31,No,10,Yes
1,76,37,Yes,7,No
6,42,40,No,5,No
1,98,26,Yes,5,No
2,45,31,Yes,4,No
10,48,83,Yes,3,Yes
3,58,80,Yes,10,No
10,51,86,No,7,Yes
5,54,63,No,10,No
7,85,94,No,3,Yes
7,54,32,No,9,No
5,85,61,No,5,No
1,47,79,Yes,5,No
6,43,25,Yes,9,No
7,81,88,Yes,4,Yes
5,94,49,Yes,4,No
4,73,78,Yes,3,No
1,77,99,No,3,No
10,93,48,No,9,Yes
7,57,66,No,6,No
3,79,24,Yes,5,No
10,93,71,Yes,3,Yes
5,78,21,Yes,10,No
9,42,28,Yes,10,No
6,68,44,Yes,7,No
10,73,30,No,9,Yes
4,70,49,No,10,No
7,59,86,Yes,3,No
1,49,63,No,7,No
7,51,50,No,8,No
4,63,55,No,3,No
8,88,24,No,10,Yes
3,52,26,No,7,No
10,99,44,Yes,4,Yes
9,84,54,No,5,Yes
2,68,74,No,9,No
5,46,67,Yes,6,No
6,82,36,No,3,No
10,62,99,Yes,7,Yes
10,46,86,No,3,Yes
8,78,93,No,10,Yes
9,93,57,No,7,Yes
1,54,56,No,6,No
7,97,72,No,6,Yes
7,68,82,No,9,Yes
7,64,69,No,3,No
1,75,76,Yes,8,No
6,95,63,No,9,Yes
2,61,66,Yes,4,No
1,83,56,No,7,No
6,65,42,Yes,3,No
1,56,20,No,6,No
5,72,79,Yes,9,Yes
10,69,47,Yes,10,Yes
10,66,71,No,5,Yes
9,100,23,Yes,8,Yes
6,76,76,No,7,Yes
10,46,88,No,5,Yes
5,96,37,No,8,No
4,82,34,No,5,No
4,91,47,Yes,10,No
10,63,61,No,4,Yes
9,72,31,Yes,6,No
5,74,70,No,5,No
3,48,86,No,6,No
10,89,25,No,10,Yes
7,84,39,No,7,No
8,71,93,Yes,8,Yes
1,52,62,No,8,No
7,61,30,Yes,4,No
4,55,33,No,8,No
1,96,59,Yes,4,No
10,47,99,Yes,7,Yes
10,83,89,No,4,Yes
10,70,28,Yes,5,No
7,96,39,Yes,7,No
5,72,46,Yes,4,No
4,73,22,Yes,10,No
6,56,43,Yes,6,No
8,86,37,Yes,6,No
3,86,97,No,3,No
1,61,42,No,6,No
6,53,72,No,8,No
8,47,81,Yes,9,Yes
7,84,49,No,8,Yes
6,72,81,No,10,Yes
9,85,28,No,8,No
3,58,46,Yes,3,No
1,96,70,No,4,No
6,79,84,Yes,9,Yes
5,87,53,Yes,3,No
2,45,51,Yes,4,No
8,99,89,Yes,3,Yes
5,59,96,No,3,No
3,77,35,Yes,10,No
3,94,23,No,4,No
10,47,79,Yes,9,Yes
9,55,23,No,8,No
6,66,21,No,3,No
6,77,36,No,6,No
10,53,100,No,9,Yes
8,63,90,Yes,10,Yes
3,50,63,Yes,4,No
10,41,63,Yes,8,Yes
6,59,67,Yes,10,Yes
7,91,45,Yes,5,No
3,95,26,No,4,No
1,76,36,No,4,No
9,70,80,Yes,8,Yes
10,59,52,Yes,4,No
10,70,70,No,6,Yes
3,75,83,No,7,No
10,54,68,Yes,6,Yes
8,100,22,Yes,6,No
5,45,82,No,3,No
8,69,83,Yes,3,Yes
5,73,65,Yes,10,Yes
3,49,62,No,10,No
9,70,44,Yes,10,Yes
7,40,86,Yes,4,No
4,75,41,No,7,No
5,98,64,No,8,Yes
8,54,46,No,8,No
5,57,21,No,7,No
5,97,34,Yes,5,No
8,97,73,Yes,8,Yes
10,53,32,No,6,No
3,96,22,Yes,10,No
4,76,48,No,4,No
8,85,23,Yes,8,No
3,43,67,No,10,No
7,68,71,No,6,Yes
5,45,83,Yes,4,No
5,81,25,No,4,No
10,92,58,No,8,Yes
9,87,42,No,7,Yes
7,56,83,Yes,5,Yes
6,55,79,No,7,Yes
1,64,32,No,6,No
10,66,36,No,7,No
7,77,82,Yes,7,Yes
7,45,86,No,10,Yes
3,70,31,No,6,No
8,44,78,No,10,Yes
5,57,75,No,6,No
7,87,22,No,9,No
9,88,61,No,10,Yes
4,83,68,No,8,Yes
9,62,52,Yes,3,No
9,81,37,Yes,9,Yes
6,59,50,Yes,4,No
4,87,90,Yes,8,Yes
1,50,71,Yes,3,No
7,65,73,Yes,7,Yes
5,47,95,Yes,5,No
8,79,22,No,10,No
3,79,24,Yes,5,No
3,51,45,Yes,5,No
9,46,96,Yes,3,Yes
4,99,52,No,8,No
10,81,74,Yes,10,Yes
2,53,21,Yes,4,No
4,96,30,No,8,No
3,77,66,No,5,No
7,92,80,Yes,10,Yes
4,64,34,Yes,3,No
3,94,81,No,3,No
3,58,34,No,9,No
5,43,51,No,7,No
4,40,59,Yes,3,No
9,62,99,Yes,6,Yes
1,74,53,No,4,No
10,79,57,No,10,Yes
2,99,82,No,7,Yes
8,79,60,Yes,6,Yes
3,94,31,No,7,No
4,65,59,No,7,No
8,62,83,Yes,4,Yes
4,86,24,Yes,7,No
3,63,49,Yes,6,No
9,47,59,No,6,No
5,96,32,Yes,5,No
10,75,83,Yes,6,Yes
5,50,30,No,7,No
5,47,97,Yes,6,No
9,85,27,Yes,8,No
6,94,36,No,10,Yes
4,84,88,Yes,6,Yes
1,80,46,Yes,4,No
5,89,23,No,4,No
9,83,53,Yes,4,Yes
8,100,97,No,10,Yes
4,95,73,Yes,8,Yes
4,72,41,Yes,3,No
6,94,32,No,3,No
1,69,88,No,6,No
7,86,83,No,4,Yes
5,85,39,No,4,No
4,57,65,No,4,No
8,70,39,Yes,3,No
5,96,90,Yes,4,Yes
9,87,76,Yes,10,Yes
1,93,68,No,4,No
8,56,49,Yes,9,No
2,71,26,No,7,No
3,88,86,No,7,Yes
8,58,84,No,3,Yes
2,46,33,Yes,4,No
3,44,56,Yes,7,No
2,93,26,Yes,7,No
8,48,95,No,7,Yes
1,99,36,Yes,4,No
6,76,58,Yes,6,No
4,75,73,Yes,4,No
4,83,30,No,5,No
5,78,86,No,10,Yes
3,75,84,No,9,Yes
8,88,61,Yes,6,Yes
3,55,32,Yes,7,No
7,80,82,Yes,8,Yes
1,65,30,Yes,6,No
5,40,71,Yes,6,No
10,92,80,No,6,Yes
8,66,52,No,5,No
10,90,44,No,7,Yes
5,99,85,Yes,6,Yes
3,61,49,No,9,No
2,55,96,No,4,No
10,53,60,Yes,4,No
2,99,71,No,4,No
5,61,37,No,8,No
6,47,34,No,8,No
3,77,32,No,4,No
1,92,93,Yes,6,No
6,86,72,No,6,Yes
1,67,35,No,6,No
9,93,57,Yes,8,Yes
10,40,87,Yes,8,Yes
8,58,48,Yes,3,No
3,93,86,No,4,No
5,85,52,Yes,6,No
10,95,72,Yes,9,Yes
1,91,28,Yes,3,No
3,74,89,No,10,Yes
4,74,73,No,4,No
10,71,80,Yes,9,Yes
5,98,61,No,10,Yes
3,42,89,Yes,9,No
9,81,56,No,4,Yes
7,77,31,Yes,4,No
4,70,75,No,10,Yes
8,75,100,No,10,Yes
5,91,61,Yes,6,No
8,98,60,Yes,3,Yes
5,77,25,Yes,7,No
10,48,44,No,5,No
2,70,34,Yes,10,No
10,84,95,No,8,Yes
2,94,84,No,6,No
9,63,32,No,3,No
1,51,80,Yes,5,No
8,63,21,Yes,5,No
9,58,65,No,3,No
3,44,36,No,4,No
5,52,37,No,4,No
6,88,64,Yes,3,No
5,81,46,Yes,6,No
3,74,64,Yes,8,No
7,73,68,No,4,No
2,91,96,Yes,9,Yes
7,40,21,Yes,9,No
1,43,49,Yes,5,No
2,45,58,Yes,4,No
3,87,79,Yes,4,No
8,50,61,No,4,No
5,62,62,No,6,No
3,95,82,Yes,8,Yes
8,97,54,No,7,Yes
8,51,23,No,10,No
4,100,93,No,9,Yes
3,75,96,Yes,10,Yes
9,57,81,No,7,Yes
7,90,22,Yes,6,No
4,73,86,Yes,5,No
3,84,51,No,5,No
3,58,72,Yes,8,No
5,93,46,Yes,3,No
2,87,55,No,4,No
9,57,30,No,7,No
2,74,82,Yes,3,No
3,74,98,No,5,Yes
6,59,20,No,6,No
10,61,81,No,10,Yes
8,71,73,No,6,Yes
9,46,43,Yes,6,No
2,65,66,Yes,3,No
1,53,100,No,8,No
5,60,25,No,8,No
1,61,58,No,5,No
4,66,81,Yes,3,No
7,83,22,Yes,8,No
10,51,62,No,3,No
7,65,38,Yes,10,No
9,73,35,No,7,No
1,59,23,No,7,No
5,45,55,Yes,5,No
2,59,62,Yes,8,No
3,60,33,Yes,7,No
4,45,36,Yes,3,No
4,100,42,No,3,No
2,81,74,No,3,No
7,89,44,Yes,6,No
7,73,43,No,10,Yes
10,48,26,Yes,10,No
4,85,91,No,4,Yes
5,89,83,Yes,3,Yes
1,48,51,Yes,4,No
6,78,84,Yes,8,Yes
5,93,89,Yes,6,Yes
6,99,50,No,4,No
5,60,39,No,10,No
6,53,65,Yes,9,No
2,64,21,Yes,8,No
8,51,41,No,4,No
6,74,27,Yes,9,No
4,99,39,No,5,No
9,61,92,No,7,Yes
6,100,66,Yes,4,Yes
5,78,64,No,5,No
1,78,54,No,9,No
6,48,38,Yes,9,No
6,79,61,Yes,7,Yes
5,43,81,No,6,No
1,94,55,No,8,No
8,85,72,No,4,Yes
8,74,62,Yes,10,Yes
2,56,69,No,10,No
6,46,74,Yes,10,Yes
9,40,59,Yes,5,No
5,49,95,Yes,10,Yes
8,76,97,No,9,Yes
9,41,72,No,8,Yes
10,53,43,Yes,10,Yes
6,100,88,Yes,3,Yes
4,77,87,Yes,3,No
7,92,91,No,4,Yes
4,62,100,No,8,Yes
9,85,86,No,8,Yes
3,73,21,No,9,No
9,80,89,Yes,4,Yes
7,61,83,Yes,9,Yes
3,70,25,No,5,No
8,100,42,Yes,3,No
7,47,92,No,8,Yes
3,93,37,Yes,8,No
8,59,30,Yes,6,No
1,78,62,No,3,No
3,69,64,Yes,10,No
6,70,45,Yes,9,No
10,47,93,No,8,Yes
3,76,94,Yes,6,Yes
10,78,66,No,3,Yes
8,64,98,No,4,Yes
8,62,94,No,9,Yes
4,49,59,Yes,9,No
5,81,80,Yes,4,No
4,68,22,Yes,6,No
9,44,85,Yes,3,Yes
5,43,87,Yes,9,Yes
4,48,27,No,3,No
5,40,55,No,3,No
7,59,63,No,3,No
8,81,61,No,7,Yes
5,72,71,Yes,4,No
4,71,20,No,10,No
5,57,100,Yes,5,Yes
9,57,46,No,3,No
3,43,44,No,5,No
8,77,83,Yes,3,Yes
3,49,37,Yes,8,No
7,58,82,No,6,Yes
2,63,71,No,3,No
2,65,88,Yes,6,No
4,42,50,Yes,6,No
6,97,33,No,7,No
8,94,85,Yes,3,Yes
10,61,32,No,7,No
2,64,33,Yes,5,No
2,99,65,Yes,8,No
9,61,51,Yes,9,Yes
2,62,58,No,9,No
3,62,40,Yes,8,No
6,95,28,Yes,3,No
4,90,92,No,10,Yes
10,100,84,No,5,Yes
1,64,87,No,3,No
1,65,44,Yes,6,No
8,80,98,Yes,3,Yes
6,93,71,No,7,Yes
3,63,95,Yes,8,Yes
6,60,89,Yes,7,Yes
2,45,64,Yes,8,No
10,76,53,Yes,8,Yes
5,91,49,Yes,3,No
2,58,91,No,5,No
2,79,62,No,9,No
6,94,57,Yes,3,No
5,78,41,Yes,4,No
5,61,80,Yes,8,Yes
10,58,24,Yes,9,No
2,62,60,Yes,6,No
9,63,34,No,6,No
8,89,69,No,9,Yes
9,43,41,No,10,No
1,44,44,Yes,6,No
2,56,95,No,9,No
1,50,50,No,9,No
4,56,31,No,6,No
6,75,41,No,6,No
6,42,29,Yes,7,No
10,69,86,No,5,Yes
7,85,84,No,9,Yes
3,78,33,No,3,No
2,40,74,Yes,4,No
6,92,53,Yes,6,No
5,85,75,No,10,Yes
2,81,45,Yes,6,No
9,76,31,No,8,No
7,64,21,No,10,No
2,91,71,No,4,No
10,92,91,Yes,9,Yes
9,93,28,No,6,No
2,75,69,Yes,5,No
6,66,27,No,3,No
1,80,79,Yes,6,No
10,83,45,Yes,3,No
3,90,88,Yes,7,Yes
9,92,78,No,3,Yes
9,62,78,Yes,9,Yes
1,64,95,Yes,9,No
5,47,89,No,4,No
9,68,59,No,6,Yes
4,72,43,No,6,No
3,62,54,Yes,8,No
3,40,73,Yes,5,No
1,81,32,No,10,No
3,45,92,No,4,No
6,83,59,Yes,3,No
10,52,45,No,9,Yes
5,69,27,No,3,No
6,45,44,No,8,No
2,56,50,Yes,8,No
3,83,79,Yes,5,No
8,97,21,No,3,No
10,58,34,Yes,5,No
5,100,95,Yes,5,Yes
1,80,81,No,4,No
10,48,72,Yes,9,Yes
8,88,34,No,7,No
7,46,32,No,4,No
3,94,90,No,4,Yes
9,92,57,No,6,Yes
1,67,90,Yes,6,No
1,80,48,No,6,No
4,94,98,No,5,Yes
4,50,55,No,10,No
1,48,22,No,8,No
9,85,46,Yes,9,Yes
6,92,25,Yes,10,No
4,76,39,Yes,10,No
9,76,48,Yes,7,Yes
4,46,85,No,9,No
3,50,57,Yes,5,No
2,64,90,No,10,Yes
9,64,59,No,4,No
7,75,68,No,10,Yes
10,90,43,Yes,8,Yes
6,41,73,No,7,No
7,77,55,Yes,8,Yes
1,60,87,Yes,5,No
1,40,74,Yes,8,No
7,44,73,Yes,6,No
1,85,52,Yes,9,No
8,71,21,Yes,9,No
8,67,87,Yes,10,Yes
7,51,43,Yes,5,No
10,44,73,No,10,Yes
3,44,33,No,10,No
2,46,31,No,10,No
3,57,51,No,9,No
2,74,44,Yes,8,No
3,85,93,Yes,8,Yes
10,42,92,No,7,Yes
2,61,98,No,9,Yes
4,71,29,No,3,No
6,47,61,Yes,5,No
6,57,79,Yes,9,Yes
8,44,21,No,9,No
9,93,92,Yes,7,Yes
4,81,92,No,10,Yes
8,100,98,No,6,Yes
2,52,38,Yes,10,No
9,85,68,No,5,Yes
2,58,33,No,10,No
5,85,75,Yes,3,No
3,56,36,Yes,10,No
9,88,47,No,8,Yes
8,62,74,Yes,8,Yes
6,56,85,No,5,No
3,85,26,No,3,No
3,43,50,No,5,No
4,99,59,No,4,No
5,73,86,No,5,Yes
8,85,41,No,5,No
4,89,23,Yes,8,No
6,78,95,Yes,10,Yes
5,42,61,No,5,No
8,64,58,Yes,4,No
10,68,43,Yes,10,Yes
1,63,57,Yes,7,No
5,51,97,No,4,No
8,63,27,Yes,5,No
10,90,96,Yes,3,Yes
6,71,69,Yes,6,No
10,48,73,No,9,Yes
7,90,93,No,6,Yes
3,55,32,No,8,No
6,65,81,No,10,Yes
6,58,22,No,7,No
10,56,81,Yes,7,Yes
7,99,78,No,3,Yes
3,63,79,Yes,4,No
3,83,82,Yes,8,Yes
10,65,53,No,5,Yes
3,49,35,No,9,No
10,68,86,No,8,Yes
6,96,95,Yes,5,Yes
9,98,47,No,9,Yes
2,44,76,Yes,6,No
2,88,77,Yes,4,No
2,40,68,Yes,7,No
9,45,39,No,5,No
5,88,37,Yes,8,No
1,41,66,Yes,5,No
1,44,33,No,10,No
4,62,46,Yes,3,No
8,79,60,No,9,Yes
4,43,64,No,8,No
3,81,78,No,10,Yes
2,41,77,Yes,9,No
4,100,52,Yes,10,Yes
5,71,87,Yes,3,No
1,88,48,Yes,6,No
3,45,66,Yes,5,No
6,71,55,Yes,9,No
7,57,72,No,3,No
6,56,74,Yes,3,No
4,49,55,Yes,6,No
9,95,99,No,3,Yes
7,57,81,Yes,8,Yes
10,94,79,Yes,3,Yes
4,96,96,Yes,10,Yes
8,64,38,No,3,No
10,41,96,No,3,Yes
3,97,100,Yes,9,Yes
10,65,57,No,7,Yes
10,51,47,Yes,10,Yes
10,85,48,Yes,10,Yes
6,41,38,Yes,4,No
1,68,94,No,5,No
10,51,27,No,3,No
7,54,49,Yes,4,No
4,60,85,Yes,4,No
1,63,84,No,8,No
1,96,42,Yes,9,No
5,57,93,No,8,Yes
10,78,43,No,6,Yes
5,87,50,No,9,No
8,70,95,No,5,Yes
3,97,33,Yes,6,No
3,72,93,No,3,No
8,96,79,No,4,Yes
7,56,76,No,9,Yes
1,76,100,No,5,No
8,74,97,No,10,Yes
3,99,27,Yes,8,No
2,80,57,No,9,No
6,69,55,Yes,4,No
3,92,57,No,10,No
4,51,73,No,10,No
10,45,67,No,5,Yes
3,82,64,Yes,6,No
5,71,79,No,4,No
5,63,40,No,10,No
5,77,38,Yes,9,No
2,69,29,Yes,9,No
2,62,35,No,6,No
4,70,55,Yes,7,No
1,69,37,No,8,No
9,74,76,Yes,5,Yes
2,66,87,Yes,5,No
4,95,91,No,4,Yes
2,64,96,Yes,10,Yes
6,70,80,No,10,Yes
6,74,42,No,8,No
5,51,96,No,6,Yes
8,94,66,No,4,Yes
6,92,65,Yes,5,Yes
4,77,70,Yes,7,No
3,80,22,No,7,No
5,86,66,No,6,No
1,50,90,No,5,No
3,76,53,No,9,No
10,75,70,Yes,3,Yes
3,72,50,Yes,8,No
3,61,74,Yes,8,No
7,63,72,No,3,No
1,78,90,Yes,8,No
1,100,44,Yes,8,No
2,69,89,No,6,No
9,92,90,No,4,Yes
5,56,89,No,4,No
5,50,51,No,3,No
2,99,76,No,10,Yes
6,61,50,No,8,No
1,58,31,No,7,No
3,66,36,Yes,3,No
7,96,37,Yes,7,No
4,63,92,No,7,Yes
1,95,84,No,5,No
9,54,90,No,3,Yes
7,74,72,No,8,Yes
2,71,38,No,4,No
8,81,49,No,8,Yes
2,99,21,No,8,No
3,87,40,Yes,3,No
10,95,48,No,10,Yes
8,55,40,No,5,No
3,40,43,Yes,5,No
10,56,91,No,8,Yes
2,59,88,Yes,6,No
2,50,57,Yes,4,No
1,86,73,Yes,9,No
4,76,27,Yes,7,No
8,50,69,No,10,Yes
8,69,52,No,8,Yes
7,69,98,No,7,Yes
9,50,37,No,6,No
5,85,51,No,9,No
7,54,51,No,3,No
6,97,41,No,7,No
4,81,24,No,8,No
5,54,70,No,10,No
5,84,21,Yes,9,No
5,56,96,No,4,No
7,67,96,Yes,5,Yes
5,54,44,Yes,3,No
7,76,41,Yes,7,No
9,91,98,Yes,3,Yes
6,100,91,No,7,Yes
3,57,60,No,8,No
5,40,23,No,10,No
10,47,64,Yes,4,No
8,90,68,Yes,4,Yes
8,63,77,No,3,No
2,44,84,No,4,No
7,83,89,No,6,Yes
8,47,35,No,3,No
10,74,92,Yes,8,Yes
8,93,71,No,10,Yes
8,48,52,No,4,No
6,93,32,Yes,4,No
7,81,24,No,10,No
1,72,54,Yes,10,No
8,74,97,Yes,9,Yes
9,100,33,Yes,4,No
8,49,80,No,5,Yes
5,56,27,No,7,No
9,51,55,No,3,No
2,88,57,Yes,4,No
7,41,45,No,4,No
4,79,49,No,9,No
6,49,39,No,6,No
6,40,83,Yes,4,No
8,84,95,No,4,Yes
2,70,54,Yes,7,No
5,80,98,No,3,Yes
7,70,79,Yes,7,Yes
1,74,76,Yes,5,No
5,67,96,No,9,Yes
9,51,38,No,10,No
10,86,41,Yes,3,No
10,85,48,No,9,Yes
10,44,57,Yes,10,Yes
3,82,61,No,4,No
6,92,46,No,6,No
7,43,24,Yes,10,No
1,74,31,Yes,8,No
2,91,59,Yes,5,No
1,84,80,No,8,No
8,53,51,Yes,4,No
5,50,94,No,10,Yes
5,86,43,Yes,5,No
4,79,56,Yes,8,No
4,99,96,Yes,8,Yes
10,41,82,No,10,Yes
3,42,42,No,4,No
1,97,53,No,4,No
9,83,90,Yes,8,Yes
1,63,62,No,10,No
10,97,76,No,9,Yes
10,92,63,No,8,Yes
8,45,50,Yes,4,No
10,53,30,Yes,4,No
10,68,53,No,6,Yes
9,77,23,Yes,8,No
10,40,50,No,6,No
7,85,53,No,3,No
3,49,57,Yes,4,No
6,65,64,No,4,No
9,70,65,No,10,Yes
6,99,68,No,8,Yes
8,73,43,Yes,4,No
7,72,38,No,9,No
3,46,46,Yes,4,No
1,88,97,Yes,8,Yes
3,43,46,No,8,No
3,43,48,Yes,10,No
7,77,42,Yes,5,No
3,76,50,No,3,No
6,93,64,Yes,9,Yes
1,80,83,No,6,No
4,40,65,No,10,No
9,88,83,No,9,Yes
1,91,63,No,4,No
1,94,89,Yes,10,Yes
3,99,69,Yes,8,Yes
10,44,54,Yes,7,No
8,75,80,No,6,Yes
2,81,80,No,8,No
7,84,27,Yes,10,No
7,53,62,Yes,6,No
6,63,69,Yes,10,Yes
5,75,43,No,7,No
9,92,29,No,9,Yes
8,56,24,Yes,6,No
5,65,22,No,8,No
10,62,57,No,8,Yes
1,66,56,Yes,10,No
5,72,77,Yes,3,No
6,66,40,No,4,No
3,60,82,Yes,7,No
2,54,61,No,4,No
1,83,24,Yes,9,No
3,75,40,Yes,10,No
10,64,21,Yes,4,No
1,84,43,Yes,7,No
1,83,90,Yes,3,No
7,71,44,No,3,No
10,85,91,Yes,4,Yes
5,93,93,No,3,Yes
10,91,55,Yes,7,Yes
10,55,87,No,4,Yes
5,66,55,Yes,10,No
8,90,82,Yes,9,Yes
4,66,77,Yes,6,No
1,61,62,Yes,6,No
3,96,95,Yes,10,Yes
5,45,85,No,4,No
3,60,83,Yes,9,No
1,100,57,Yes,8,No
6,85,82,Yes,4,Yes
10,63,86,No,4,Yes
6,85,78,Yes,9,Yes
9,65,44,No,3,No
4,67,34,Yes,6,No
8,78,44,Yes,8,Yes
2,79,57,Yes,5,No
5,53,31,No,3,No
2,63,22,Yes,4,No
8,52,58,Yes,9,Yes
9,79,55,Yes,8,Yes
4,44,64,No,9,No
7,95,89,No,5,Yes
8,69,57,No,5,No
6,71,61,No,7,No
2,74,22,No,8,No
10,80,50,Yes,6,Yes
3,65,75,Yes,7,No
8,63,95,Yes,9,Yes
4,93,20,No,4,No
3,84,25,No,7,No
2,90,62,No,7,No
8,80,65,No,6,Yes
5,81,54,No,7,No
4,41,70,Yes,7,No
1,94,22,Yes,4,No
1,94,95,No,7,Yes
10,40,50,Yes,7,No
1,52,35,Yes,6,No
6,82,52,No,8,No
6,43,50,No,9,No
8,100,28,No,5,No
4,77,95,Yes,9,Yes
2,53,22,No,7,No
10,67,58,Yes,7,Yes
7,69,80,No,6,Yes
8,60,31,Yes,9,No
9,100,76,Yes,8,Yes
7,48,25,Yes,10,No
5,89,62,Yes,9,Yes
2,56,62,Yes,6,No
10,60,64,No,9,Yes
4,98,54,Yes,3,No
10,65,55,No,6,Yes
5,97,64,Yes,8,Yes
8,68,38,No,7,No
10,93,54,Yes,9,Yes
9,81,58,Yes,8,Yes
7,64,21,No,6,No
1,60,29,No,10,No
8,67,93,No,10,Yes
3,40,61,No,3,No
10,95,70,No,8,Yes
8,71,48,No,4,No
6,83,39,No,10,No
5,82,89,Yes,4,Yes
9,41,96,Yes,3,Yes
9,60,64,Yes,5,Yes
6,85,23,Yes,4,No
4,70,88,No,9,Yes
5,100,57,Yes,3,No
9,93,69,No,7,Yes
7,66,94,Yes,9,Yes
5,42,60,No,9,No
3,52,84,No,6,No
10,67,78,Yes,4,Yes
8,63,58,Yes,8,Yes
5,91,35,No,4,No
8,72,24,No,6,No
6,94,31,No,9,No
4,52,79,No,6,No
7,43,88,No,5,No
8,65,92,Yes,8,Yes
10,55,48,No,10,Yes
2,79,34,Yes,7,No
7,48,34,Yes,5,No
6,90,28,No,8,No
2,93,30,Yes,5,No
1,88,55,No,8,No
6,70,52,Yes,9,No
3,66,71,Yes,10,No
4,58,27,No,9,No
6,72,64,Yes,3,No
6,75,33,No,3,No
10,62,70,No,7,Yes
9,47,96,No,8,Yes
7,75,79,No,9,Yes
7,57,61,Yes,6,No
6,62,83,No,6,Yes
1,59,74,No,9,No
5,42,82,No,5,No
4,55,23,Yes,5,No
7,57,35,Yes,9,No
1,70,39,No,3,No
6,55,90,No,4,No
1,89,96,Yes,5,No
9,59,87,Yes,3,Yes
1,41,98,No,8,No
2,77,43,No,5,No
8,92,52,No,6,Yes
2,96,31,No,5,No
9,80,89,Yes,4,Yes
4,41,22,Yes,10,No
3,63,51,Yes,4,No
10,64,60,No,4,Yes
9,100,99,Yes,10,Yes
8,66,44,Yes,3,No
2,75,55,Yes,3,No
5,74,43,No,6,No
2,46,85,Yes,6,No
10,87,99,No,5,Yes
4,53,98,Yes,3,No
6,91,37,No,6,No
8,67,38,Yes,7,No
7,65,91,Yes,10,Yes
4,94,71,No,7,Yes
6,88,65,Yes,6,Yes
10,98,64,No,4,Yes
1,41,79,Yes,7,No
7,100,51,No,4,No
1,75,72,Yes,4,No
10,83,73,No,7,Yes
8,82,28,Yes,5,No
3,43,43,Yes,9,No
6,58,54,Yes,5,No
7,87,56,No,5,No
9,69,98,No,10,Yes
10,46,28,No,9,No
4,92,48,Yes,5,No
7,63,60,Yes,8,No
5,87,68,Yes,7,Yes
6,75,20,Yes,8,No
2,55,67,Yes,6,No
8,72,67,Yes,3,No
6,90,64,Yes,5,Yes
10,96,83,No,9,Yes
9,55,43,No,3,No
7,76,72,Yes,4,Yes
10,74,70,Yes,9,Yes
6,91,22,Yes,6,No
10,64,35,Yes,9,Yes
1,95,55,Yes,3,No
5,76,54,No,9,No
6,41,65,Yes,8,No
6,52,25,No,7,No
8,68,48,No,8,No
7,95,90,Yes,10,Yes
9,47,82,Yes,3,No
8,43,84,Yes,3,No
2,86,72,Yes,9,No
2,79,95,Yes,10,Yes
7,96,96,Yes,7,Yes
6,62,77,Yes,8,Yes
2,92,70,No,4,No
5,41,48,Yes,8,No
8,69,32,No,5,No
9,96,21,Yes,5,No
4,48,31,No,6,No
5,100,68,Yes,10,Yes
1,84,90,No,4,No
1,67,83,No,6,No
1,92,89,Yes,6,No
5,86,60,No,3,No
4,82,83,Yes,4,No
10,71,34,Yes,9,Yes
4,67,21,No,3,No
1,61,91,Yes,3,No
10,56,36,No,5,No
10,54,50,Yes,7,Yes
1,64,98,No,3,No
9,89,52,No,9,Yes
8,98,63,No,10,Yes
5,69,68,No,7,No
8,76,80,No,7,Yes
6,93,27,No,8,No
3,56,63,No,5,No
1,41,25,No,4,No
5,63,97,Yes,3,No
7,64,86,No,6,Yes
3,77,85,Yes,7,Yes
7,100,83,Yes,7,Yes
1,85,99,Yes,9,Yes
7,99,100,Yes,3,Yes
8,71,71,Yes,7,Yes
7,46,35,Yes,5,No
6,75,45,No,5,No
4,58,78,No,10,Yes
8,63,94,Yes,8,Yes
5,94,80,No,9,Yes
3,69,92,Yes,3,No
6,91,37,Yes,3,No
9,83,45,No,8,Yes
1,87,88,No,3,No
1,60,53,No,6,No
8,72,95,No,4,Yes
9,83,20,Yes,9,No
3,65,50,No,3,No
8,75,84,Yes,5,Yes
6,83,25,No,6,No
4,96,24,Yes,10,No
10,94,89,Yes,10,Yes
5,59,71,No,7,No
1,47,29,Yes,5,No
9,53,55,Yes,4,No
2,78,63,Yes,8,No
1,93,96,Yes,5,No
5,71,97,No,7,Yes
4,65,47,No,10,No
7,64,99,Yes,3,Yes
3,93,91,No,7,Yes
2,55,77,No,9,No
7,83,88,Yes,5,Yes
6,100,92,No,5,Yes
9,95,60,No,4,Yes
10,85,46,Yes,8,Yes
7,60,25,No,5,No
3,87,100,No,5,Yes
9,84,64,No,5,Yes
6,83,96,Yes,6,Yes
7,99,90,Yes,8,Yes
4,64,45,Yes,3,No
3,68,29,Yes,5,No
4,99,69,No,10,Yes
8,41,68,Yes,7,No
3,70,38,Yes,10,No
9,83,76,No,6,Yes
1,84,95,No,10,Yes
7,99,62,Yes,6,Yes
5,86,59,No,9,Yes
8,67,27,Yes,5,No
3,79,54,Yes,3,No
3,74,96,No,4,No
4,99,60,Yes,7,No
8,92,60,No,3,Yes
7,45,24,No,9,No
10,45,97,Yes,8,Yes
4,47,41,Yes,3,No
5,95,83,Yes,9,Yes
10,95,29,No,4,No
5,51,46,No,7,No
2,79,58,No,3,No
1,82,92,No,5,No
8,75,50,Yes,4,No
1,95,27,No,7,No
7,89,53,Yes,9,Yes
3,44,74,Yes,9,No
3,42,80,No,8,No
3,89,80,Yes,4,No
3,94,92,Yes,6,Yes
8,66,83,Yes,4,Yes
6,53,47,Yes,3,No
1,40,60,No,6,No
3,53,40,No,8,No
7,52,61,Yes,6,No
5,42,57,No,8,No
9,95,79,No,3,Yes
4,70,71,Yes,4,No
6,81,26,No,10,No
6,60,84,No,6,Yes
3,43,58,No,3,No
5,63,79,Yes,5,No
4,81,30,Yes,6,No
9,81,52,Yes,8,Yes
7,47,73,Yes,8,Yes
5,96,80,No,8,Yes
1,75,85,Yes,9,No
7,48,90,Yes,10,Yes
7,53,99,Yes,3,Yes
2,49,32,No,10,No
2,55,23,Yes,9,No
8,54,86,Yes,4,Yes
9,99,92,Yes,7,Yes
8,45,65,Yes,4,No
5,70,45,No,3,No
3,55,45,Yes,9,No
7,71,45,No,8,No
7,85,57,Yes,6,Yes
3,74,100,No,7,Yes
2,44,35,No,9,No
9,83,46,No,4,No
2,49,39,No,8,No
8,50,77,Yes,9,Yes
5,59,77,Yes,9,Yes
7,77,97,No,9,Yes
2,80,50,No,6,No
8,81,34,Yes,3,No
5,49,34,Yes,10,No
8,74,37,Yes,5,No
2,81,92,No,7,Yes
4,57,67,No,6,No
7,78,28,No,8,No
8,91,80,Yes,4,Yes
5,58,34,Yes,8,No
6,49,61,Yes,4,No
8,45,85,No,10,Yes
6,52,55,Yes,9,No
6,50,72,No,10,Yes
4,75,73,Yes,8,No
10,50,97,Yes,8,Yes
3,97,68,No,9,Yes
3,91,54,Yes,4,No
8,62,51,Yes,6,No
7,76,89,No,6,Yes
1,93,75,Yes,6,No
2,100,27,Yes,10,No
6,81,95,No,6,Yes
2,71,77,Yes,10,No
2,69,31,No,8,No
4,51,22,Yes,5,No
10,64,23,No,3,No
5,79,92,Yes,9,Yes
4,71,87,No,10,Yes
1,92,40,No,10,No
4,94,25,No,5,No
6,100,71,No,8,Yes
8,46,36,No,3,No
6,56,66,Yes,4,No
6,63,32,Yes,10,No
9,42,86,No,5,Yes
4,97,79,Yes,9,Yes
7,49,41,Yes,8,No
10,64,52,No,6,Yes
6,51,37,Yes,3,No
4,62,53,No,5,No
9,58,82,No,7,Yes
10,94,92,No,10,Yes
7,72,45,Yes,9,No
6,48,39,No,6,No
3,47,96,Yes,6,No
3,65,44,Yes,6,No
9,86,63,No,4,Yes
8,47,62,No,5,No
4,45,90,No,6,No
1,46,45,Yes,3,No
2,60,82,Yes,3,No
8,79,52,Yes,7,Yes
2,86,26,Yes,3,No
7,93,66,No,7,Yes
8,65,53,Yes,6,No
3,50,85,Yes,7,No
1,99,91,No,9,Yes
2,89,99,No,4,Yes
1,49,88,Yes,5,No
3,100,72,Yes,8,Yes
6,45,65,Yes,5,No
8,87,81,Yes,5,Yes
9,70,24,No,3,No
5,94,46,No,9,No
8,74,61,No,9,Yes
10,51,89,Yes,5,Yes
6,80,42,No,10,No
8,49,77,Yes,7,Yes
1,76,95,Yes,6,No
7,99,20,No,7,No
9,72,60,Yes,5,Yes
4,70,98,Yes,4,Yes
10,85,66,Yes,7,Yes
5,74,72,No,8,Yes
6,69,48,Yes,4,No
2,74,100,Yes,7,Yes
3,54,56,No,8,No
9,86,39,Yes,4,No
2,86,84,No,10,Yes
4,89,57,Yes,10,Yes
10,45,81,Yes,4,Yes
3,96,57,No,10,Yes
5,67,79,Yes,3,No
6,63,85,Yes,6,Yes
4,65,47,No,3,No
4,76,94,Yes,7,Yes
8,79,72,No,9,Yes
1,60,23,No,9,No
2,57,65,No,4,No
4,80,71,Yes,8,Yes
5,71,30,Yes,9,No
9,48,40,No,4,No
6,61,45,No,7,No
6,77,21,No,10,No
4,98,98,No,3,Yes
9,82,55,No,7,Yes
6,49,76,No,10,Yes
10,83,82,Yes,9,Yes
4,90,96,No,7,Yes
1,60,42,Yes,8,No
3,82,65,No,8,No
1,65,74,Yes,7,No
1,54,46,No,4,No
7,50,36,No,8,No
5,46,32,No,3,No
7,45,72,No,5,No
10,62,52,No,4,No
9,49,50,Yes,8,No
7,96,38,No,4,No
3,43,61,No,6,No
4,84,81,Yes,10,Yes
6,85,71,No,10,Yes
9,92,28,No,8,Yes
8,77,79,No,7,Yes
10,68,53,No,5,Yes
3,88,69,No,9,Yes
10,83,24,No,6,No
8,78,56,Yes,6,Yes
7,51,77,Yes,4,No
2,79,74,Yes,5,No
2,73,33,Yes,3,No
7,59,87,No,8,Yes
1,79,40,Yes,3,No
8,100,66,Yes,10,Yes
10,81,40,No,5,Yes
10,66,69,No,6,Yes
6,98,24,No,5,No
3,48,73,No,3,No
10,62,33,Yes,10,Yes
7,61,21,Yes,7,No
5,98,99,Yes,7,Yes
4,49,92,No,6,No
10,66,28,Yes,6,No
8,87,26,Yes,10,Yes
1,77,84,Yes,6,No
8,100,70,Yes,5,Yes
1,53,78,No,3,No
8,54,92,Yes,9,Yes
9,59,95,Yes,4,Yes
2,92,45,No,5,No
10,87,64,Yes,10,Yes
1,76,70,Yes,8,No
10,41,90,Yes,8,Yes
4,44,63,No,10,No
5,90,22,No,7,No
9,60,93,Yes,8,Yes
4,71,41,No,4,No
5,71,32,Yes,8,No
1,91,72,No,10,No
5,41,33,Yes,5,No
7,70,22,Yes,6,No
2,93,58,Yes,4,No
10,43,86,Yes,3,Yes
6,80,88,No,9,Yes
6,71,42,No,8,No
3,65,65,No,8,No
9,69,36,No,5,No
9,76,61,Yes,4,Yes
1,82,86,No,6,No
2,81,93,No,4,No
4,72,82,Yes,10,Yes
8,56,61,Yes,3,No
8,50,94,No,9,Yes
1,50,29,No,4,No
3,75,88,Yes,5,No
7,99,81,No,7,Yes
10,49,88,No,9,Yes
10,78,66,Yes,9,Yes
2,54,29,Yes,7,No
3,65,94,No,4,No
2,95,38,Yes,10,No
5,77,73,No,4,No
5,73,56,No,10,No
8,95,76,Yes,9,Yes
7,75,60,No,8,Yes
1,84,37,No,4,No
3,67,50,No,4,No
6,90,28,No,8,No
4,94,27,No,6,No
8,46,56,Yes,4,No
1,56,23,No,10,No
3,65,91,Yes,8,Yes
8,59,24,Yes,8,No
4,56,39,No,4,No
6,70,78,Yes,9,Yes
3,52,22,Yes,4,No
1,57,39,Yes,10,No
2,63,35,Yes,10,No
5,44,96,No,8,Yes
3,69,75,Yes,9,No
4,48,95,No,4,No
2,61,70,Yes,9,No
5,60,78,No,5,No
9,44,92,No,9,Yes
10,70,58,Yes,10,Yes
3,87,88,Yes,3,No
8,44,26,Yes,7,No
1,91,100,No,6,Yes
10,100,44,No,8,Yes
10,99,99,No,5,Yes
7,56,66,No,3,No
10,98,67,No,9,Yes
10,84,88,Yes,3,Yes
3,45,84,Yes,5,No
5,53,24,Yes,4,No
10,91,63,Yes,8,Yes
4,100,87,Yes,3,Yes
3,56,58,Yes,8,No
5,67,69,Yes,3,No
10,53,85,Yes,9,Yes
1,51,98,Yes,10,No
10,95,87,No,10,Yes
9,61,27,No,5,No
2,86,67,Yes,10,No
2,92,65,Yes,9,No
8,55,88,Yes,6,Yes
6,59,94,Yes,10,Yes
4,46,29,No,3,No
3,47,29,No,7,No
9,81,39,No,4,No
6,88,43,Yes,3,No
4,72,96,Yes,4,Yes
3,43,80,Yes,8,No
2,66,57,Yes,3,No
5,56,28,No,3,No
1,52,93,No,3,No
10,81,67,No,6,Yes
4,43,35,Yes,6,No
2,40,76,No,7,No
10,87,86,Yes,4,Yes
9,73,58,Yes,6,Yes
2,71,49,Yes,9,No
10,92,94,Yes,8,Yes
7,87,38,Yes,8,No
4,95,48,Yes,4,No
9,79,76,Yes,5,Yes
10,90,99,Yes,3,Yes
2,80,34,No,4,No
5,77,52,No,7,No
9,88,47,No,3,No
5,46,48,Yes,3,No
1,73,42,No,5,No
3,66,43,No,3,No
6,100,78,No,3,Yes
9,85,65,No,5,Yes
6,81,66,Yes,4,No
7,57,79,Yes,10,Yes
10,68,39,Yes,4,No
6,57,91,No,7,Yes
4,42,48,No,4,No
6,48,76,Yes,9,Yes
4,77,80,Yes,8,Yes
3,60,98,Yes,9,Yes
1,60,32,No,6,No
5,43,39,Yes,10,No
10,76,65,No,7,Yes
9,60,33,No,3,No
7,76,35,Yes,9,No
6,40,86,No,8,Yes
6,55,58,Yes,8,No
7,78,37,Yes,3,No
3,49,50,Yes,10,No
10,41,51,No,8,No
4,93,67,No,9,Yes
5,45,51,Yes,9,No
4,59,54,No,7,No
6,93,22,No,10,No
10,71,57,No,5,Yes
5,70,58,Yes,4,No
5,95,72,No,10,Yes
8,40,44,Yes,7,No
3,59,57,No,5,No
9,84,45,Yes,7,Yes
1,51,86,Yes,7,No
8,46,60,Yes,4,No
9,83,47,No,5,Yes
10,92,96,No,3,Yes
3,95,87,No,8,Yes
2,64,45,Yes,6,No
1,97,89,No,5,No
2,71,37,No,6,No
7,56,90,Yes,6,Yes
7,77,20,No,6,No
6,40,88,No,6,No
10,80,85,No,9,Yes
8,47,71,No,3,No
2,79,55,Yes,7,No
10,53,45,Yes,6,No
4,89,67,Yes,5,No
8,96,94,No,9,Yes
3,77,60,No,7,No
4,86,99,No,6,Yes
7,86,26,No,4,No
6,92,62,No,10,Yes
2,98,30,No,3,No
8,68,56,Yes,8,Yes
2,83,94,Yes,7,Yes
10,82,95,No,5,Yes
3,89,88,Yes,8,Yes
1,47,48,No,10,No
3,68,56,No,6,No
4,79,97,Yes,8,Yes
10,46,70,Yes,8,Yes
8,66,56,No,6,No
7,90,50,Yes,3,No
6,64,49,No,8,No
4,86,81,No,6,Yes
1,52,70,Yes,5,No
8,63,33,Yes,5,No
8,77,44,Yes,7,No
8,60,57,Yes,10,Yes
8,96,94,Yes,5,Yes
7,95,86,No,6,Yes
5,69,71,Yes,3,No
6,88,95,Yes,8,Yes
5,68,86,Yes,8,Yes
7,40,60,Yes,9,No
6,87,64,No,3,No
5,96,57,No,3,No
3,56,74,No,7,No
2,91,40,No,5,No
4,76,35,Yes,10,No
5,85,27,No,9,No
8,77,58,No,7,Yes
4,72,92,Yes,3,No
1,42,32,No,10,No
1,60,98,Yes,7,No
4,64,46,Yes,7,No
6,49,49,Yes,10,No
9,63,26,Yes,10,No
5,85,97,Yes,4,Yes
9,44,83,Yes,3,No
6,77,21,Yes,8,No
5,93,32,No,4,No
6,67,85,Yes,8,Yes
10,65,50,No,9,Yes
2,48,91,Yes,8,No
9,83,86,Yes,3,Yes
6,73,70,Yes,8,Yes
2,83,82,No,7,No
10,95,92,Yes,6,Yes
2,63,61,No,6,No
2,48,60,No,6,No
1,62,93,No,8,No
2,97,45,No,9,No
1,49,86,Yes,5,No
8,50,60,Yes,8,No
4,90,43,Yes,5,No
2,47,39,No,4,No
5,64,42,No,6,No
3,96,67,Yes,4,No
1,88,43,Yes,5,No
8,73,41,Yes,10,Yes
1,48,36,No,10,No
9,41,56,No,6,No
1,52,85,No,6,No
4,86,27,No,9,No
1,88,40,Yes,10,No
5,64,45,No,6,No
10,52,50,No,10,Yes
8,57,73,Yes,5,Yes
7,82,72,Yes,5,Yes
2,60,58,No,7,No
6,100,70,No,4,Yes
3,96,70,Yes,10,Yes
2,66,39,No,5,No
10,48,56,No,5,No
8,53,85,No,3,No
8,75,91,Yes,3,Yes
1,78,35,No,8,No
7,53,38,No,9,No
8,62,60,Yes,9,Yes
2,91,23,Yes,7,No
7,65,46,Yes,3,No
10,81,40,Yes,5,Yes
4,45,33,No,3,No
2,83,67,No,4,No
4,84,42,Yes,8,No
7,52,76,No,3,No
9,95,85,No,4,Yes
8,66,20,No,7,No
7,42,64,Yes,5,No
9,85,58,Yes,8,Yes
2,87,69,No,5,No
9,81,62,No,7,Yes
3,72,21,No,8,No
4,52,76,No,4,No
10,68,68,Yes,9,Yes
1,47,45,No,3,No
7,58,64,Yes,5,No
3,58,49,No,8,No
4,60,23,No,9,No
4,92,35,Yes,4,No
5,74,20,No,7,No
10,42,43,No,7,No
8,89,47,Yes,3,No
5,92,60,Yes,7,Yes
1,67,64,Yes,4,No
3,96,59,No,8,No
3,46,96,No,10,Yes
3,98,59,No,8,No
4,67,73,Yes,5,No
7,96,81,No,10,Yes
4,62,29,No,6,No
9,40,43,Yes,7,No
7,78,37,Yes,7,No
8,64,25,No,10,No
4,98,93,No,8,Yes
7,70,65,Yes,4,No
5,95,28,Yes,5,No
2,66,68,No,3,No
9,65,55,No,3,No
5,69,87,No,9,Yes
5,52,41,Yes,5,No
2,93,26,No,9,No
4,60,29,No,9,No
6,67,78,Yes,8,Yes
8,53,83,No,3,No
10,88,79,No,9,Yes
10,94,40,No,7,Yes
5,41,67,No,4,No
8,60,94,No,8,Yes
3,98,92,No,7,Yes
2,47,56,No,8,No
2,77,55,No,9,No
7,62,93,Yes,8,Yes
6,76,54,Yes,3,No
7,78,69,Yes,5,Yes
4,92,91,No,10,Yes
1,80,90,Yes,3,No
6,45,65,Yes,8,No
9,75,30,Yes,8,No
3,96,75,No,4,No
7,84,61,Yes,4,No
6,97,30,No,3,No
4,50,91,Yes,7,No
1,55,75,Yes,10,No
2,98,32,Yes,6,No
1,82,68,Yes,8,No
4,42,77,No,6,No
9,70,100,No,3,Yes
4,58,75,No,10,No
2,84,73,No,10,Yes
7,51,61,No,6,No
3,61,98,No,5,No
9,56,59,No,9,Yes
3,76,28,Yes,9,No
8,79,36,No,10,Yes
6,92,28,Yes,8,No
8,79,47,No,10,Yes
1,75,55,No,6,No
4,84,86,Yes,5,Yes
3,73,87,Yes,10,Yes
8,65,38,No,3,No
6,86,48,No,6,No
7,62,97,No,3,Yes
8,87,25,No,3,No
4,95,26,Yes,7,No
5,53,96,No,8,Yes
10,78,49,Yes,6,Yes
4,57,81,Yes,10,Yes
5,62,81,No,9,Yes
5,48,87,No,3,No
2,69,61,Yes,8,No
10,41,81,Yes,3,Yes
3,82,40,Yes,3,No
10,68,77,No,7,Yes
5,59,87,No,7,Yes
4,67,40,No,8,No
8,91,34,No,4,No
6,94,31,No,9,No
7,47,49,Yes,5,No
8,45,97,Yes,5,Yes
8,75,70,Yes,6,Yes
6,61,45,No,10,No
5,91,59,Yes,3,No
2,94,61,Yes,7,No
1,42,51,No,3,No
9,88,37,No,8,Yes
3,73,45,Yes,6,No
8,56,54,No,3,No
1,76,41,No,5,No
10,55,50,Yes,4,No
7,97,35,No,8,Yes
4,56,98,No,6,Yes
4,49,38,No,7,No
1,48,49,No,7,No
10,46,99,No,4,Yes
9,87,91,Yes,8,Yes
2,61,72,No,10,No
8,61,100,No,6,Yes
10,92,22,Yes,6,No
5,84,46,Yes,6,No
4,87,77,Yes,5,No
9,59,55,No,3,No
1,85,23,No,3,No
9,40,74,No,4,No
3,86,92,Yes,5,Yes
7,66,30,Yes,4,No
4,48,33,Yes,6,No
6,63,83,No,10,Yes
7,99,67,No,9,Yes
7,55,25,No,9,No
10,53,24,No,8,No
6,100,93,Yes,10,Yes
1,72,63,Yes,8,No
6,47,72,Yes,8,No
4,64,76,No,5,No
10,68,97,Yes,6,Yes
2,61,76,Yes,4,No
4,97,23,Yes,6,No
6,57,48,Yes,9,No
6,67,40,No,6,No
9,47,97,No,7,Yes
7,67,49,Yes,8,No
9,44,27,No,5,No
3,57,99,No,6,No
2,54,37,Yes,9,No
9,94,58,No,10,Yes
4,57,53,Yes,8,No
8,49,85,Yes,8,Yes
9,74,99,Yes,3,Yes
7,71,91,Yes,10,Yes
6,46,86,No,6,No
10,75,72,No,7,Yes
1,72,65,Yes,10,No
7,89,64,Yes,5,Yes
2,41,95,Yes,7,No
8,80,86,Yes,7,Yes
10,81,25,Yes,5,No
7,66,86,Yes,4,Yes
4,75,83,Yes,6,No
4,69,86,Yes,10,Yes
3,74,94,No,10,Yes
3,99,79,Yes,8,Yes
4,99,58,No,7,No
6,62,95,Yes,4,Yes
9,53,61,No,9,Yes
8,95,64,No,6,Yes
10,42,89,Yes,10,Yes
5,62,39,Yes,10,No
6,100,82,No,5,Yes
10,56,80,No,9,Yes
2,42,25,Yes,7,No
3,55,95,No,5,No
9,60,21,Yes,10,No
4,51,86,No,3,No
3,42,78,Yes,7,No
4,55,54,No,9,No
7,40,27,Yes,10,No
8,72,92,No,5,Yes
7,52,63,No,4,No
7,48,93,Yes,3,No
4,75,36,Yes,9,No
7,49,20,No,5,No
10,93,80,Yes,9,Yes
1,69,21,No,3,No
2,60,38,No,4,No
1,73,64,Yes,9,No
10,57,27,No,5,No
7,82,100,Yes,5,Yes
10,100,96,Yes,8,Yes
8,72,42,Yes,3,No
6,40,31,Yes,9,No
8,77,24,No,10,No
9,79,21,No,6,No
9,45,37,Yes,7,No
6,79,61,No,5,No
9,71,75,Yes,8,Yes
9,77,98,Yes,7,Yes
3,69,21,Yes,10,No
2,94,93,No,9,Yes
8,60,74,Yes,3,No
8,94,82,Yes,8,Yes
9,48,38,No,3,No
3,51,33,No,3,No
8,70,96,No,8,Yes
3,87,98,Yes,10,Yes
4,83,87,No,5,Yes
4,73,38,Yes,8,No
5,69,29,Yes,8,No
9,95,90,Yes,10,Yes
1,89,67,Yes,10,No
8,92,24,Yes,5,No
3,100,96,No,8,Yes
10,81,93,No,10,Yes
5,72,28,No,9,No
10,85,40,Yes,9,Yes
7,69,49,Yes,9,No
9,84,34,No,3,No
7,61,50,Yes,8,No
6,70,85,Yes,10,Yes
5,86,93,No,6,Yes
5,83,40,No,7,No
8,44,92,No,6,Yes
9,83,87,No,4,Yes
2,68,21,No,4,No
3,46,65,Yes,8,No
1,42,100,No,8,No
6,75,72,No,6,Yes
10,45,88,Yes,6,Yes
6,51,94,No,3,No
6,96,91,Yes,5,Yes
2,53,45,No,5,No
5,64,48,Yes,6,No
9,84,65,No,6,Yes
3,92,53,No,5,No
9,81,35,Yes,6,No
10,62,41,No,8,Yes
5,79,90,Yes,7,Yes
1,56,97,Yes,8,No
1,81,39,No,9,No
8,85,68,No,4,Yes
7,61,25,Yes,3,No
4,49,71,No,4,No
4,47,21,Yes,6,No
5,80,49,Yes,5,No
9,91,66,No,6,Yes
8,73,47,Yes,8,Yes
6,47,65,No,8,No
10,74,20,Yes,5,No
7,68,74,No,4,No
4,58,93,No,6,No
10,84,79,No,4,Yes
8,75,25,Yes,10,No
1,74,37,No,4,No
3,76,96,No,4,No
1,99,34,No,8,No
5,93,89,Yes,9,Yes
8,42,85,No,7,Yes
3,89,72,No,4,No
2,74,100,No,4,No
10,70,61,No,3,Yes
6,46,62,Yes,9,No
1,99,36,No,10,No
4,100,85,No,7,Yes
10,65,21,Yes,9,No
4,47,85,No,8,No
6,95,77,No,8,Yes
3,95,30,No,4,No
4,71,36,No,5,No
10,70,59,Yes,10,Yes
10,99,33,Yes,10,Yes
5,59,75,No,6,No
4,44,77,No,3,No
1,63,63,No,6,No
4,87,100,Yes,9,Yes
2,52,64,No,10,No
10,68,62,Yes,7,Yes
8,42,49,Yes,4,No
6,58,94,Yes,10,Yes
8,49,64,No,4,No
9,49,33,Yes,9,No
6,70,69,Yes,5,No
4,83,21,No,10,No
7,44,80,Yes,5,No
7,92,55,Yes,7,Yes
8,47,91,Yes,8,Yes
8,84,55,Yes,9,Yes
9,70,75,Yes,6,Yes
4,81,41,Yes,10,No
1,61,22,Yes,7,No
1,51,84,No,8,No
3,84,60,Yes,6,No
2,97,72,No,8,No
10,72,61,No,10,Yes
4,80,100,No,10,Yes
5,52,66,Yes,9,No
10,99,77,No,5,Yes
6,85,60,Yes,5,No
7,86,56,No,6,Yes
1,65,100,No,5,No
1,60,64,No,3,No
7,84,66,No,5,Yes
8,71,25,Yes,5,No
5,53,96,Yes,3,No
3,63,36,Yes,8,No
9,83,100,Yes,3,Yes
4,55,98,Yes,10,Yes
5,66,91,No,5,Yes
5,61,88,Yes,9,Yes
2,90,55,Yes,10,No
3,88,90,No,9,Yes
8,51,38,Yes,10,No
6,72,59,Yes,7,No
3,84,39,Yes,8,No
2,64,29,Yes,8,No
10,84,82,No,3,Yes
5,62,42,No,8,No
2,42,25,No,10,No
3,80,88,Yes,6,Yes
4,47,89,No,10,Yes
5,78,36,No,3,No
3,61,77,No,7,No
4,56,44,No,9,No
6,56,48,Yes,5,No
5,66,33,Yes,4,No
6,100,88,No,6,Yes
8,54,40,Yes,10,No
6,71,78,Yes,10,Yes
10,99,59,Yes,5,Yes
10,70,87,Yes,8,Yes
6,76,44,No,3,No
1,47,25,Yes,5,No
9,87,42,No,6,Yes
7,79,58,No,5,No
6,67,56,Yes,10,Yes
2,51,99,Yes,9,No
2,94,63,No,10,No
2,41,99,Yes,10,No
6,97,37,Yes,6,No
10,88,67,Yes,7,Yes
8,89,63,No,9,Yes
7,97,45,Yes,7,Yes
6,88,98,Yes,3,Yes
10,84,31,Yes,5,No
3,49,76,Yes,7,No
2,87,99,No,8,Yes
1,70,38,No,6,No
1,88,46,No,9,No
7,80,26,Yes,7,No
2,79,48,No,4,No
4,79,52,No,9,No
9,50,97,Yes,5,Yes
10,51,27,Yes,3,No
2,42,92,Yes,10,No
3,59,84,No,10,Yes
6,56,81,No,4,No
2,88,44,Yes,3,No
5,100,97,Yes,10,Yes
8,99,83,Yes,3,Yes
5,71,25,No,4,No
10,66,46,No,5,No
8,41,88,Yes,3,No
9,49,79,No,5,Yes
5,55,84,No,3,No
4,94,20,No,4,No
3,83,34,No,10,No
6,44,75,No,8,No
7,61,94,No,9,Yes
9,65,91,Yes,7,Yes
4,70,95,No,6,Yes
7,70,84,Yes,5,Yes
3,44,47,Yes,9,No
9,93,83,No,9,Yes
9,71,24,Yes,5,No
9,63,83,No,10,Yes
9,43,81,No,4,Yes
10,50,64,No,4,No
4,44,43,No,10,No
6,44,21,Yes,8,No
5,75,83,No,8,Yes
5,88,23,No,8,No
5,53,29,Yes,7,No
4,75,65,Yes,7,No
1,85,30,Yes,4,No
3,48,68,No,10,No
5,44,76,Yes,10,No
8,65,83,Yes,9,Yes
3,97,68,No,7,No
6,83,85,No,3,Yes
10,70,90,No,8,Yes
8,52,25,No,5,No
10,61,40,Yes,10,Yes
4,75,92,No,6,Yes
2,55,70,No,6,No
6,74,31,Yes,3,No
2,99,20,No,3,No
4,45,41,Yes,5,No
3,81,71,No,8,No
6,73,83,Yes,10,Yes
5,94,23,No,5,No
5,69,20,No,10,No
7,93,89,No,4,Yes
9,79,79,Yes,7,Yes
2,92,97,No,3,No
5,87,85,Yes,10,Yes
10,84,73,No,6,Yes
10,72,60,No,3,Yes
9,90,23,No,5,No
5,65,35,Yes,7,No
5,97,76,No,7,Yes
3,69,79,Yes,4,No
5,98,44,No,8,No
2,50,82,No,10,No
7,52,28,Yes,6,No
8,51,72,Yes,9,Yes
10,76,35,Yes,4,No
5,49,88,Yes,3,No
10,53,48,No,3,No
9,50,70,Yes,9,Yes
6,68,46,No,10,No
2,69,59,Yes,8,No
5,96,24,Yes,5,No
3,48,54,No,4,No
10,89,78,Yes,8,Yes
7,78,61,No,3,No
7,47,84,No,9,Yes
6,78,32,No,6,No
7,53,38,Yes,10,No
6,54,85,Yes,6,Yes
6,83,22,Yes,6,No
5,89,35,No,4,No
4,50,70,Yes,6,No
6,76,83,No,8,Yes
10,89,24,No,5,No
9,42,55,No,4,No
4,65,23,Yes,4,No
7,89,74,No,7,Yes
6,57,98,No,3,Yes
9,63,68,Yes,9,Yes
3,82,41,No,6,No
4,88,77,Yes,3,No
8,84,25,Yes,8,No
8,91,63,No,6,Yes
3,89,47,No,4,No
10,70,80,Yes,7,Yes
10,98,67,Yes,8,Yes
9,87,57,Yes,9,Yes
10,97,62,Yes,5,Yes
6,65,52,Yes,5,No
6,80,59,No,8,Yes
5,51,38,Yes,6,No
4,52,87,Yes,10,Yes
8,93,31,No,4,No
8,96,87,No,10,Yes
1,86,21,Yes,3,No
4,67,24,Yes,6,No
3,55,39,Yes,8,No
4,48,62,No,6,No
8,74,51,Yes,7,Yes
2,61,61,Yes,7,No
8,48,96,No,8,Yes
6,44,66,No,5,No
3,95,42,No,9,No
8,93,28,Yes,8,No
4,89,51,No,3,No
10,86,68,Yes,6,Yes
3,98,21,Yes,10,No
10,61,32,Yes,5,No
2,72,22,Yes,6,No
8,63,38,Yes,10,No
4,85,85,Yes,6,Yes
1,42,57,No,3,No
2,71,88,No,9,Yes
2,51,53,No,5,No
2,79,44,Yes,7,No
3,51,55,No,4,No
3,71,58,No,10,No
5,81,65,Yes,6,No
4,46,56,Yes,10,No
9,46,72,No,9,Yes
1,62,52,Yes,5,No
3,76,98,No,7,Yes
2,72,69,No,10,No
5,86,43,No,6,No
3,42,83,No,6,No
8,75,24,Yes,8,No
4,73,92,No,4,No
2,40,74,Yes,9,No
9,60,48,Yes,9,Yes
3,45,20,No,7,No
5,69,44,Yes,5,No
3,79,72,No,9,No
1,66,68,Yes,6,No
5,40,66,Yes,7,No
3,62,56,Yes,7,No
6,73,56,No,4,No
1,62,40,Yes,3,No
7,81,27,Yes,7,No
5,59,41,No,8,No
8,46,55,No,7,No
9,52,73,Yes,9,Yes
8,99,64,No,6,Yes
9,86,27,No,4,No
7,50,50,Yes,4,No
7,60,77,No,10,Yes
1,71,31,Yes,6,No
9,71,30,Yes,6,No
10,42,62,Yes,8,Yes
2,75,84,No,6,No
5,61,47,No,4,No
6,61,87,No,4,No
1,91,49,No,6,No
8,82,66,No,10,Yes
1,75,20,Yes,6,No
3,50,98,No,3,No
1,71,61,Yes,8,No
9,89,36,Yes,9,Yes
2,55,62,No,8,No
5,51,70,Yes,8,No
4,77,51,Yes,3,No
9,50,83,Yes,4,Yes
2,78,91,Yes,7,No
9,72,68,No,9,Yes
2,77,100,No,3,No
7,92,51,Yes,5,No
2,40,46,Yes,7,No
9,64,67,Yes,3,No
6,72,86,Yes,8,Yes
8,92,95,Yes,5,Yes
6,51,64,Yes,10,No
10,56,65,No,7,Yes
9,59,80,No,9,Yes
1,63,26,No,7,No
2,68,24,Yes,8,No
3,48,60,Yes,5,No
8,61,29,Yes,9,No
5,72,23,No,3,No
4,96,86,No,6,Yes
7,56,53,Yes,5,No
10,43,93,Yes,9,Yes
2,96,72,No,3,No
7,66,72,No,6,Yes
3,73,93,No,6,Yes
6,74,68,Yes,10,Yes
10,67,91,No,10,Yes
1,44,83,No,9,No
2,68,36,Yes,6,No
5,73,66,Yes,5,No
9,59,31,No,9,No
1,84,68,No,7,No
8,70,38,Yes,7,No
9,53,50,Yes,4,No
8,73,76,No,7,Yes
10,84,53,Yes,6,Yes
4,61,78,No,9,No
6,60,86,No,10,Yes
10,97,31,Yes,8,Yes
8,93,35,Yes,4,No
7,79,80,Yes,5,Yes
6,70,37,No,4,No
5,75,40,No,8,No
8,84,78,No,4,Yes
2,83,88,Yes,8,Yes
7,99,83,Yes,10,Yes
9,43,78,No,7,Yes
8,74,24,No,3,No
4,100,50,No,7,No
2,65,70,Yes,9,No
8,60,88,Yes,4,Yes
1,73,54,Yes,5,No
2,100,53,No,5,No
3,46,95,No,7,No
10,70,42,Yes,10,Yes
3,94,65,Yes,3,No
2,65,87,No,3,No
2,58,46,No,4,No
2,99,82,Yes,7,Yes
8,95,43,No,7,Yes
10,43,26,Yes,8,No
10,88,45,No,5,Yes
8,78,28,No,5,No
8,62,34,Yes,4,No
1,76,59,No,10,No
10,61,30,No,3,No
9,93,35,Yes,7,Yes
2,82,92,No,7,Yes
7,61,96,Yes,6,Yes
9,46,44,No,6,No
3,46,75,No,6,No
1,79,48,No,7,No
4,61,74,No,3,No
2,68,63,No,4,No
10,79,88,Yes,4,Yes
9,92,26,Yes,3,No
5,76,29,Yes,6,No
1,56,84,Yes,9,No
9,51,99,No,9,Yes
1,85,90,Yes,4,No
9,56,69,No,6,Yes
1,95,43,Yes,3,No
8,72,99,No,7,Yes
10,99,57,No,5,Yes
2,82,47,No,8,No
3,53,93,No,9,Yes
2,97,28,Yes,6,No
8,65,30,Yes,6,No
2,84,90,No,7,Yes
2,45,32,No,4,No
1,50,46,No,6,No
2,58,49,Yes,7,No
1,100,36,No,9,No
3,60,33,No,8,No
7,74,66,No,8,Yes
3,95,32,Yes,7,No
10,70,72,Yes,10,Yes
10,80,31,No,10,Yes
7,90,94,No,8,Yes
4,72,49,No,6,No
2,74,41,No,5,No
2,65,58,No,6,No
4,92,73,Yes,4,No
8,90,94,No,5,Yes
3,86,37,Yes,6,No
6,93,92,No,5,Yes
7,95,58,Yes,7,Yes
3,68,84,Yes,6,No
6,68,25,No,3,No
4,85,71,No,10,Yes
3,46,73,Yes,5,No
5,58,64,No,7,No
10,41,76,Yes,5,Yes
7,58,84,No,7,Yes
4,79,20,Yes,10,No
8,60,38,Yes,6,No
5,73,92,Yes,4,Yes
7,49,73,Yes,7,No
1,40,73,No,6,No
5,68,31,Yes,7,No
1,45,51,No,10,No
7,62,45,No,6,No
1,40,21,Yes,6,No
1,49,28,No,4,No
2,95,28,No,6,No
9,67,69,Yes,3,Yes
8,88,96,No,4,Yes
7,98,32,Yes,6,No
3,70,78,No,4,No
8,82,43,Yes,5,No
3,81,47,Yes,8,No
4,75,49,Yes,9,No
1,64,67,No,7,No
1,88,54,Yes,10,No
7,89,73,Yes,4,Yes
7,44,41,No,8,No
9,79,27,No,10,Yes
4,62,45,Yes,7,No
2,69,24,Yes,10,No
4,65,50,No,3,No
9,48,36,Yes,5,No
3,63,82,No,7,No
10,61,78,No,6,Yes
8,47,85,Yes,7,Yes
10,46,96,No,5,Yes
5,43,23,Yes,4,No
9,69,33,Yes,9,No
5,74,96,No,6,Yes
3,97,100,No,7,Yes
7,73,54,No,3,No
5,50,87,No,4,No
9,97,56,No,10,Yes
3,69,97,Yes,4,No
10,58,49,Yes,9,Yes
7,44,37,Yes,8,No
4,89,36,No,6,No
1,100,40,Yes,3,No
8,85,74,Yes,9,Yes
6,83,48,No,3,No
1,51,25,No,8,No
2,90,59,No,6,No
5,84,44,No,4,No
8,57,59,No,6,No
4,68,28,Yes,7,No
8,86,36,No,10,Yes
2,98,86,No,4,No
7,91,75,Yes,10,Yes
5,90,56,No,8,Yes
6,67,99,No,6,Yes
10,69,35,Yes,4,No
6,88,38,Yes,10,No
10,56,86,No,7,Yes
6,51,38,Yes,10,No
4,64,53,No,3,No
1,75,89,No,3,No
6,59,92,Yes,9,Yes
5,55,39,No,7,No
6,89,35,Yes,5,No
5,95,34,No,4,No
7,64,74,No,10,Yes
7,65,50,No,9,No
9,84,55,No,7,Yes
10,98,60,Yes,9,Yes
7,43,70,No,5,No
6,41,37,No,9,No
4,80,71,Yes,7,No
3,99,83,Yes,8,Yes
8,50,34,No,10,No
8,80,91,No,5,Yes
2,62,28,Yes,9,No
4,93,61,Yes,4,No
2,62,78,Yes,9,No
8,99,84,No,8,Yes
5,100,80,Yes,4,Yes
1,75,50,Yes,5,No
10,51,32,No,5,No
4,81,49,Yes,7,No
3,46,86,No,6,No
4,84,21,No,7,No
10,89,37,No,3,No
2,80,73,Yes,9,No
6,55,48,No,3,No
9,80,85,No,5,Yes
7,68,20,No,4,No
5,81,28,No,8,No
9,66,34,Yes,10,Yes
8,54,43,Yes,8,No
3,82,96,Yes,4,Yes
2,63,51,No,6,No
9,88,93,No,8,Yes
9,89,65,Yes,10,Yes
5,68,88,No,3,No
1,48,73,Yes,7,No
1,91,77,No,6,No
5,88,68,Yes,4,No
5,61,96,No,5,Yes
6,74,96,No,4,Yes
10,57,59,No,5,Yes
6,95,50,Yes,7,Yes
4,73,94,Yes,5,Yes
1,46,33,No,9,No
8,50,96,No,7,Yes
3,85,87,No,6,Yes
9,64,63,Yes,4,No
6,47,44,No,9,No
10,75,55,No,10,Yes
5,64,100,Yes,8,Yes
7,93,85,No,3,Yes
8,66,52,Yes,10,Yes
1,42,22,Yes,10,No
9,99,42,No,7,Yes
10,71,90,Yes,3,Yes
4,42,51,Yes,7,No
6,57,68,Yes,3,No
10,46,38,Yes,10,No
4,62,37,No,5,No
7,74,92,Yes,10,Yes
2,52,33,No,10,No
6,48,78,No,9,Yes
5,62,51,Yes,8,No
9,75,66,Yes,5,Yes
10,47,36,No,5,No
6,70,38,No,5,No
7,60,72,Yes,4,No
2,71,40,No,5,No
3,60,56,Yes,6,No
6,94,76,No,9,Yes
10,45,51,Yes,5,No
6,71,68,Yes,6,No
9,57,58,Yes,6,No
10,68,72,No,9,Yes
7,88,26,No,7,No
1,88,92,Yes,8,Yes
3,91,25,Yes,5,No
10,49,23,Yes,5,No
5,81,39,Yes,9,No
9,84,37,No,4,No
9,46,57,Yes,4,No
4,85,94,Yes,10,Yes
1,81,41,No,5,No
5,85,96,No,5,Yes
2,44,78,Yes,3,No
1,75,77,Yes,10,No
1,84,55,Yes,3,No
7,41,79,No,5,No
4,98,80,No,5,Yes
9,91,66,Yes,10,Yes
10,63,20,No,10,No
9,96,82,Yes,5,Yes
3,61,50,Yes,4,No
6,66,53,Yes,7,No
7,74,73,No,8,Yes
3,70,76,Yes,6,No
10,71,42,No,9,Yes
5,77,52,Yes,9,No
1,74,40,No,4,No
6,54,46,No,5,No
7,87,28,Yes,4,No
10,48,43,No,9,No
8,91,67,No,4,Yes
10,43,49,No,9,Yes
2,80,68,No,6,No
10,59,23,Yes,10,No
7,52,98,No,7,Yes
8,90,46,No,4,No
3,72,100,Yes,5,Yes
6,81,32,No,9,No
9,55,22,Yes,7,No
6,84,36,Yes,4,No
7,99,68,No,7,Yes
1,96,42,Yes,3,No
10,77,50,Yes,7,Yes
9,58,65,No,9,Yes
6,85,28,Yes,9,No
3,78,52,Yes,5,No
7,92,72,No,7,Yes
10,76,60,Yes,5,Yes
2,100,44,No,4,No
3,72,77,No,7,No
4,56,29,Yes,5,No
7,98,74,Yes,6,Yes
9,63,47,Yes,6,No
3,72,39,Yes,3,No
7,68,62,Yes,10,Yes
9,82,77,No,9,Yes
3,55,98,Yes,7,No
5,82,84,No,8,Yes
5,54,77,No,3,No
9,41,34,Yes,3,No
9,96,94,No,6,Yes
2,67,65,Yes,8,No
6,97,67,Yes,6,Yes
8,68,86,No,8,Yes
1,99,82,No,8,Yes
7,97,52,No,3,No
4,71,21,No,3,No
10,40,46,Yes,6,No
3,97,35,Yes,8,No
6,70,28,Yes,7,No
7,48,79,Yes,8,Yes
3,58,86,No,7,No
6,68,89,No,3,Yes
3,66,42,Yes,8,No
9,93,45,No,10,Yes
1,41,89,Yes,10,No
6,46,21,Yes,7,No
8,85,95,Yes,7,Yes
4,41,80,Yes,10,No
3,69,67,Yes,4,No
5,55,68,Yes,9,No
3,85,79,No,10,Yes
2,72,28,No,8,No
3,66,42,Yes,5,No
10,70,23,Yes,10,Yes
2,42,57,No,5,No
10,80,63,No,10,Yes
1,47,63,No,6,No
1,87,20,Yes,3,No
2,69,48,Yes,3,No
6,75,89,Yes,8,Yes
2,58,82,No,9,No
5,77,20,No,3,No
3,96,85,Yes,7,Yes
10,48,40,Yes,5,No
7,86,42,Yes,8,No
6,78,50,Yes,10,Yes
8,67,28,Yes,3,No
3,42,30,No,10,No
1,99,34,Yes,8,No
7,58,82,No,4,No
8,86,61,Yes,5,Yes
10,45,56,Yes,6,No
2,50,46,No,5,No
7,95,98,No,5,Yes
9,48,45,No,7,No
2,75,58,Yes,6,No
4,77,53,No,6,No
1,68,58,No,10,No
8,85,48,No,8,Yes
8,73,82,No,10,Yes
1,60,92,No,7,No
7,46,87,Yes,10,Yes
10,88,61,No,6,Yes
2,51,21,Yes,3,No
1,60,47,Yes,5,No
10,76,62,No,7,Yes
5,80,78,No,4,No
9,54,53,No,7,No
8,49,86,Yes,5,Yes
9,55,46,Yes,3,No
4,78,51,Yes,5,No
8,83,32,Yes,6,No
3,81,77,Yes,9,Yes
3,57,64,Yes,7,No
6,81,35,No,8,No
3,72,91,Yes,4,No
8,59,55,Yes,5,No
9,40,91,Yes,3,Yes
8,68,32,No,7,No
6,70,83,No,10,Yes
3,84,48,No,7,No
3,64,92,Yes,3,No
5,73,36,Yes,6,No
9,85,60,Yes,3,Yes
9,53,90,No,10,Yes
2,91,37,Yes,4,No
2,62,96,No,7,No
4,74,81,Yes,9,Yes
3,98,88,No,3,No
8,92,78,Yes,10,Yes
3,60,68,Yes,6,No
5,57,58,Yes,8,No
4,56,43,No,5,No
4,43,45,Yes,5,No
10,89,31,No,10,Yes
10,72,94,Yes,6,Yes
7,98,36,Yes,3,No
8,42,52,No,4,No
1,79,93,Yes,6,No
4,76,92,Yes,6,Yes
6,62,68,Yes,7,No
9,58,75,No,9,Yes
8,96,25,Yes,4,No
7,41,72,Yes,10,Yes
1,48,51,Yes,4,No
8,40,61,Yes,8,No
4,62,49,No,8,No
3,65,53,Yes,3,No
1,93,26,No,3,No
7,78,31,No,10,No
7,49,61,Yes,6,No
6,100,45,No,3,No
10,94,94,No,9,Yes
10,86,41,No,7,Yes
6,77,79,No,6,Yes
4,88,33,No,9,No
2,95,70,Yes,5,No
3,84,42,Yes,7,No
5,90,62,Yes,5,No
9,94,39,No,7,Yes
9,82,88,Yes,6,Yes
3,68,67,Yes,10,No
10,47,75,Yes,6,Yes
10,74,64,No,5,Yes
8,49,85,No,5,Yes
4,46,71,No,8,No
6,64,84,Yes,10,Yes
2,89,41,Yes,3,No
6,99,86,No,6,Yes
9,44,76,No,6,Yes
4,84,33,Yes,6,No
7,58,60,No,3,No
6,99,79,No,8,Yes
5,50,21,No,3,No
8,70,34,No,3,No
1,78,22,Yes,10,No
4,97,92,No,7,Yes
3,78,27,Yes,6,No
7,54,39,Yes,8,No
10,45,66,No,9,Yes
7,91,34,Yes,9,No
3,55,57,Yes,6,No
3,49,84,Yes,9,No
9,48,46,Yes,8,No
3,96,66,No,9,Yes
2,83,49,No,8,No
2,99,22,No,10,No
4,56,88,Yes,9,Yes
8,48,55,No,5,No
4,90,53,No,6,No
7,88,31,Yes,9,No
5,67,63,No,5,No
9,41,68,Yes,9,Yes
5,100,60,Yes,10,Yes
2,95,32,No,5,No
5,51,90,Yes,9,Yes
8,96,31,Yes,4,No
7,78,35,Yes,5,No
2,83,97,No,5,No
6,81,78,No,8,Yes
2,76,95,No,10,Yes
7,53,77,Yes,9,Yes
8,68,29,Yes,8,No
3,94,32,No,9,No
2,93,30,No,5,No
3,42,26,Yes,7,No
3,97,43,Yes,6,No
1,86,24,No,9,No
1,68,75,Yes,4,No
5,81,46,Yes,4,No
3,46,65,Yes,5,No
7,80,22,Yes,8,No
2,47,60,Yes,6,No
7,52,20,No,10,No
4,45,44,Yes,9,No
10,71,85,No,9,Yes
4,46,79,No,6,No
1,55,83,No,3,No
7,44,57,No,5,No
4,93,94,No,6,Yes
2,85,46,Yes,10,No
9,76,57,No,9,Yes
1,41,23,Yes,7,No
6,80,40,Yes,8,No
9,54,88,No,3,Yes
5,83,22,Yes,10,No
4,98,64,No,6,No
4,41,83,Yes,8,No
3,56,64,Yes,9,No
9,92,21,No,4,No
2,77,22,No,7,No
3,90,56,Yes,6,No
4,40,40,No,4,No
3,67,84,No,5,No
8,98,99,Yes,6,Yes
6,93,51,No,5,No
8,89,67,Yes,5,Yes
10,63,74,Yes,9,Yes
8,43,57,No,5,No
8,44,96,Yes,5,Yes
5,61,53,No,9,No
8,60,89,Yes,10,Yes
9,47,98,No,5,Yes
7,43,26,No,6,No
9,78,62,Yes,6,Yes
6,98,28,Yes,5,No
1,56,94,Yes,5,No
4,75,94,Yes,3,No
8,75,28,Yes,6,No
4,100,54,Yes,7,No
8,80,63,No,7,Yes
10,62,81,Yes,3,Yes
5,60,53,No,6,No
6,63,80,No,10,Yes
4,44,26,Yes,8,No
6,69,45,No,4,No
6,88,32,No,4,No
3,65,56,Yes,9,No
3,84,39,Yes,10,No
2,94,40,Yes,8,No
3,82,30,No,9,No
9,54,96,Yes,7,Yes
9,83,54,No,7,Yes
8,86,62,Yes,3,Yes
10,93,56,No,5,Yes
7,64,99,No,10,Yes
10,42,84,No,8,Yes
5,52,75,No,4,No
9,58,62,Yes,4,No
8,65,91,No,10,Yes
2,99,55,No,10,No
6,79,90,No,6,Yes
2,94,83,No,6,No
6,59,66,No,5,No
10,64,54,Yes,6,Yes
4,85,54,No,7,No
4,81,83,Yes,8,Yes
1,99,22,No,9,No
2,79,35,Yes,3,No
2,88,80,Yes,10,Yes
2,97,90,Yes,6,Yes
2,48,95,No,10,No
6,99,49,Yes,8,Yes
8,83,100,No,5,Yes
10,63,91,No,7,Yes
1,99,87,Yes,5,No
10,72,100,Yes,9,Yes
6,58,29,No,3,No
5,47,36,No,9,No
6,87,67,No,4,No
6,87,89,No,6,Yes
7,49,75,Yes,4,No
9,98,95,No,9,Yes
1,73,56,No,10,No
3,43,43,No,7,No
9,43,20,No,7,No
8,82,57,Yes,4,No
4,74,60,No,10,No
8,97,49,No,6,Yes
7,54,29,No,4,No
4,56,66,Yes,7,No
2,95,72,No,7,No
8,47,55,No,4,No
8,84,100,Yes,4,Yes
3,90,70,No,10,Yes
7,79,81,Yes,5,Yes
1,98,68,Yes,6,No
9,69,35,Yes,9,No
2,99,89,No,6,Yes
2,65,26,No,10,No
1,51,93,No,5,No
5,49,51,Yes,3,No
2,78,68,Yes,3,No
6,62,65,Yes,8,No
5,48,33,No,3,No
5,42,38,No,7,No
7,48,50,No,4,No
10,79,81,Yes,4,Yes
6,72,39,Yes,5,No
2,40,60,No,4,No
7,88,74,No,10,Yes
10,68,80,Yes,7,Yes
8,76,20,No,6,No
5,73,87,No,8,Yes
8,48,54,No,9,No
7,71,72,Yes,4,No
8,95,27,No,9,Yes
9,42,42,No,4,No
5,64,63,Yes,8,No
9,55,89,Yes,6,Yes
5,94,25,No,4,No
3,94,98,Yes,6,Yes
10,97,53,Yes,3,Yes
5,68,33,Yes,10,No
4,81,84,Yes,10,Yes
10,76,80,Yes,5,Yes
2,67,63,Yes,10,No
3,68,63,No,6,No
5,70,49,No,4,No
